-- phpMyAdmin SQL Dump
-- version 5.1.0
-- https://www.phpmyadmin.net/
--
-- Host: 127.0.0.1
-- Generation Time: May 21, 2022 at 03:43 PM
-- Server version: 10.4.18-MariaDB
-- PHP Version: 8.0.3

SET SQL_MODE = "NO_AUTO_VALUE_ON_ZERO";
START TRANSACTION;
SET time_zone = "+00:00";


/*!40101 SET @OLD_CHARACTER_SET_CLIENT=@@CHARACTER_SET_CLIENT */;
/*!40101 SET @OLD_CHARACTER_SET_RESULTS=@@CHARACTER_SET_RESULTS */;
/*!40101 SET @OLD_COLLATION_CONNECTION=@@COLLATION_CONNECTION */;
/*!40101 SET NAMES utf8mb4 */;

--
-- Database: `food_pet`
--

-- --------------------------------------------------------

--
-- Table structure for table `admin`
--

CREATE TABLE `admin` (
  `admin_id` int(11) NOT NULL,
  `admin_username` varchar(100) DEFAULT NULL,
  `admin_password` varchar(100) DEFAULT NULL,
  `admin_fullname` varchar(255) NOT NULL,
  `admin_email` varchar(100) NOT NULL,
  `admin_address` text DEFAULT NULL,
  `admin_tel` varchar(20) DEFAULT NULL,
  `admin_status` tinyint(1) NOT NULL DEFAULT 1,
  `createdAt` datetime NOT NULL DEFAULT current_timestamp(),
  `updatedAt` datetime NOT NULL DEFAULT current_timestamp() ON UPDATE current_timestamp()
) ENGINE=InnoDB DEFAULT CHARSET=utf8mb4;

--
-- Dumping data for table `admin`
--

INSERT INTO `admin` (`admin_id`, `admin_username`, `admin_password`, `admin_fullname`, `admin_email`, `admin_address`, `admin_tel`, `admin_status`, `createdAt`, `updatedAt`) VALUES
(1, '1', 'c4ca4238a0b923820dcc509a6f75849b', '1123', '1@1.com', 'test a', 'test b', 1, '2022-03-02 13:28:31', '2022-03-15 22:05:00'),
(2, 'admin01', '23af4255c402219567c3267063514c29', '@siwakon', 'siwakon31082543@gmai.com', 'test', '0630419745', 1, '2022-03-15 21:59:19', '2022-03-15 22:04:30');

-- --------------------------------------------------------

--
-- Table structure for table `brands`
--

CREATE TABLE `brands` (
  `brand_id` int(11) NOT NULL,
  `brand_name` varchar(100) NOT NULL,
  `brand_image` varchar(100) DEFAULT NULL
) ENGINE=InnoDB DEFAULT CHARSET=utf8mb4;

--
-- Dumping data for table `brands`
--

INSERT INTO `brands` (`brand_id`, `brand_name`, `brand_image`) VALUES
(1, 'โรยัล คานิน (Royal canin)', 'dist/img/brands/13b0b2e9bee43cea0736feca8e5191d7.jpg'),
(2, 'อนาบ้า (INABA)', 'dist/img/brands/ae086e50e85cd4dc78d1b4e7d162377c.jpg'),
(8, 'แคทเอ็นจอย (Cat\'n joy)', 'dist/img/brands/6e925ff8b9229949fb172c4e2667fa63.jpg'),
(9, 'เชาว์ (CIAO)', 'dist/img/brands/593c1db435fdb7dcbb89c883dfe0d53d.jpg'),
(10, 'บ๊อกบ๊อก (BokBok) ', 'dist/img/brands/30bd054b584d9c916c5ed5545c863c33.jpg'),
(11, 'เต็ดตร้า (Tetra)', 'dist/img/brands/3e1f1792d10223455b488ae60f34866f.jpg'),
(12, 'ฮิคาริ (Hikari)', 'dist/img/brands/3d26cec6ecb0a2813747697daffd9492.jpg'),
(13, 'เพดดีกรี (Pedigree) ', 'dist/img/brands/acddbae0ef698dafb9c3d1e98971eba7.png'),
(14, 'สมาร์ทฮาร์ท (SmartHeart)', 'dist/img/brands/ec610b03c77087234cbf3ecd7d0ca3c9.jpg'),
(15, 'มีโอ (Me-O)', 'dist/img/brands/f3d585d214c1e4af35643b0f6018848f.png'),
(16, 'ทดสอบ', 'dist/img/brands/0f9034c904638d18855e7e8fb3a18db7.jpg');

-- --------------------------------------------------------

--
-- Table structure for table `categories`
--

CREATE TABLE `categories` (
  `category_id` int(11) NOT NULL,
  `category_name` varchar(100) NOT NULL
) ENGINE=InnoDB DEFAULT CHARSET=utf8mb4;

--
-- Dumping data for table `categories`
--

INSERT INTO `categories` (`category_id`, `category_name`) VALUES
(1, 'สุนัข'),
(2, 'แมว'),
(5, 'ปลา');

-- --------------------------------------------------------

--
-- Table structure for table `notifications`
--

CREATE TABLE `notifications` (
  `noti_id` int(11) NOT NULL,
  `user_id` int(11) NOT NULL,
  `product_id` int(11) NOT NULL,
  `product_name` varchar(255) NOT NULL,
  `show_notification` datetime NOT NULL,
  `createdAt` datetime NOT NULL DEFAULT current_timestamp()
) ENGINE=InnoDB DEFAULT CHARSET=utf8mb4;

--
-- Dumping data for table `notifications`
--

INSERT INTO `notifications` (`noti_id`, `user_id`, `product_id`, `product_name`, `show_notification`, `createdAt`) VALUES
(32, 7, 25, 'Royal Canin (Mini Adult) อาหารเปียก ชิ้นเนื้อในน้ำเกรวี่ สำหรับสุนัขโต พันธุ์เล็ก (85g)', '2022-04-03 00:00:00', '2022-03-29 13:51:04'),
(33, 7, 27, 'Royal Canin MINI ADULT อาหารสุนัขโต0ขนาดเล็ก (แบบเม็ด)(15 kg)', '2022-04-28 00:00:00', '2022-03-29 13:51:04'),
(34, 7, 25, 'Royal Canin (Mini Adult) อาหารเปียก ชิ้นเนื้อในน้ำเกรวี่ สำหรับสุนัขโต พันธุ์เล็ก (85g)', '2022-04-03 00:00:00', '2022-03-29 13:51:33'),
(35, 7, 27, 'Royal Canin MINI ADULT อาหารสุนัขโต0ขนาดเล็ก (แบบเม็ด)(15 kg)', '2022-03-29 13:00:00', '2022-03-29 13:51:33');

-- --------------------------------------------------------

--
-- Table structure for table `orders`
--

CREATE TABLE `orders` (
  `order_id` int(11) NOT NULL,
  `user_id` int(11) NOT NULL,
  `seller_id` int(11) NOT NULL,
  `order_total` float NOT NULL COMMENT 'ยอดรวมก่อนหัก omise	',
  `order_total_net` float NOT NULL COMMENT 'ยอดรวมหลังหัก omise	',
  `order_total_free` float NOT NULL COMMENT 'ค่า fee omise',
  `order_total_free_vat` float NOT NULL COMMENT 'ค่า fee omise',
  `order_status` enum('paid','preparing','shipping','successful','canceled','failed') NOT NULL,
  `order_tracking` varchar(100) DEFAULT NULL,
  `order_ref` varchar(50) NOT NULL,
  `createdAt` datetime NOT NULL DEFAULT current_timestamp(),
  `updatedAt` datetime NOT NULL DEFAULT current_timestamp() ON UPDATE current_timestamp()
) ENGINE=InnoDB DEFAULT CHARSET=utf8mb4;

--
-- Dumping data for table `orders`
--

INSERT INTO `orders` (`order_id`, `user_id`, `seller_id`, `order_total`, `order_total_net`, `order_total_free`, `order_total_free_vat`, `order_status`, `order_tracking`, `order_ref`, `createdAt`, `updatedAt`) VALUES
(44, 7, 7, 4470, 4295.42, 3.65, 7, 'successful', 'test1234567890', '53f24df4', '2022-03-29 13:49:45', '2022-03-29 13:51:04'),
(45, 7, 7, 4470, 4295.42, 3.65, 7, 'successful', 'test1234567890', 'b431c183', '2022-03-29 13:49:46', '2022-03-29 13:51:33'),
(46, 7, 7, 35, 33.63, 3.65, 7, 'paid', NULL, 'fff755a5', '2022-05-21 11:14:55', '2022-05-21 11:14:55'),
(47, 7, 7, 2510, 2411.97, 3.65, 7, 'paid', NULL, '032d235a', '2022-05-21 11:40:30', '2022-05-21 11:40:30'),
(48, 7, 8, 220, 211.41, 3.65, 7, 'paid', NULL, '032d235a', '2022-05-21 11:40:30', '2022-05-21 11:40:30'),
(49, 7, 7, 310, 297.89, 3.65, 7, 'paid', NULL, 'b9ef7b11', '2022-05-21 12:47:26', '2022-05-21 12:47:26'),
(50, 7, 7, 35, 33.63, 3.65, 7, 'paid', NULL, '8e553203', '2022-05-21 12:48:03', '2022-05-21 12:48:03'),
(51, 7, 7, 35, 33.63, 3.65, 7, 'paid', NULL, 'e8ab28e9', '2022-05-21 12:49:19', '2022-05-21 12:49:19');

-- --------------------------------------------------------

--
-- Table structure for table `order_detail`
--

CREATE TABLE `order_detail` (
  `id` int(11) NOT NULL,
  `order_id` int(11) NOT NULL,
  `product_id` int(11) NOT NULL,
  `product_name` varchar(255) NOT NULL,
  `product_price` float NOT NULL,
  `order_qty` int(11) NOT NULL,
  `order_subtotal` float NOT NULL,
  `createdAt` datetime NOT NULL DEFAULT current_timestamp()
) ENGINE=InnoDB DEFAULT CHARSET=utf8mb4;

--
-- Dumping data for table `order_detail`
--

INSERT INTO `order_detail` (`id`, `order_id`, `product_id`, `product_name`, `product_price`, `order_qty`, `order_subtotal`, `createdAt`) VALUES
(46, 44, 25, 'Royal Canin (Mini Adult) อาหารเปียก ชิ้นเนื้อในน้ำเกรวี่ สำหรับสุนัขโต พันธุ์เล็ก (85g)', 35, 2, 70, '2022-03-29 13:49:45'),
(47, 44, 27, 'Royal Canin MINI ADULT อาหารสุนัขโต0ขนาดเล็ก (แบบเม็ด)(15 kg)', 2200, 2, 4400, '2022-03-29 13:49:45'),
(48, 45, 25, 'Royal Canin (Mini Adult) อาหารเปียก ชิ้นเนื้อในน้ำเกรวี่ สำหรับสุนัขโต พันธุ์เล็ก (85g)', 35, 2, 70, '2022-03-29 13:49:46'),
(49, 45, 27, 'Royal Canin MINI ADULT อาหารสุนัขโต0ขนาดเล็ก (แบบเม็ด)(15 kg)', 2200, 2, 4400, '2022-03-29 13:49:46'),
(50, 46, 24, 'Royal Canin Mini Puppy อาหารเปียก ชิ้นเนื้อในน้ำเกรวี่ สำหรับลูกสุนัข พันธุ์เล็ก (85g)', 35, 1, 35, '2022-05-21 11:14:55'),
(51, 47, 25, 'Royal Canin (Mini Adult) อาหารเปียก ชิ้นเนื้อในน้ำเกรวี่ สำหรับสุนัขโต พันธุ์เล็ก (85g)', 35, 2, 70, '2022-05-21 11:40:30'),
(52, 47, 27, 'Royal Canin MINI ADULT อาหารสุนัขโต0ขนาดเล็ก (แบบเม็ด)(15 kg)', 2200, 1, 2200, '2022-05-21 11:40:30'),
(53, 47, 28, 'Royal Canin mini Indoor Adult อาหารสุนัขพันธุ์เล็กเลี้ยงภายในบ้าน (แบบเม็ด)(500g)', 240, 1, 240, '2022-05-21 11:40:30'),
(54, 48, 29, 'Royal Canin Puppy mini indoor life อาหารลูกสุนัขพันธุ์เล็ก อายุช่วงหลังหย่านม–10 เดือน แบบเม็ด(0.5kg)', 220, 1, 220, '2022-05-21 11:40:30'),
(55, 49, 28, 'Royal Canin mini Indoor Adult อาหารสุนัขพันธุ์เล็กเลี้ยงภายในบ้าน (แบบเม็ด)(500g)', 240, 1, 240, '2022-05-21 12:47:26'),
(56, 49, 25, 'Royal Canin (Mini Adult) อาหารเปียก ชิ้นเนื้อในน้ำเกรวี่ สำหรับสุนัขโต พันธุ์เล็ก (85g)', 35, 2, 70, '2022-05-21 12:47:26'),
(57, 50, 25, 'Royal Canin (Mini Adult) อาหารเปียก ชิ้นเนื้อในน้ำเกรวี่ สำหรับสุนัขโต พันธุ์เล็ก (85g)', 35, 1, 35, '2022-05-21 12:48:03'),
(58, 51, 24, 'Royal Canin Mini Puppy อาหารเปียก ชิ้นเนื้อในน้ำเกรวี่ สำหรับลูกสุนัข พันธุ์เล็ก (85g)', 35, 1, 35, '2022-05-21 12:49:19');

-- --------------------------------------------------------

--
-- Table structure for table `product`
--

CREATE TABLE `product` (
  `product_id` int(11) NOT NULL,
  `seller_id` int(11) NOT NULL,
  `category_id` int(11) NOT NULL,
  `brand_id` int(11) NOT NULL,
  `product_name` varchar(255) NOT NULL,
  `product_detail` text NOT NULL,
  `product_price` float NOT NULL,
  `product_qty` int(11) NOT NULL,
  `product_use` int(11) NOT NULL,
  `product_image` varchar(100) DEFAULT NULL,
  `product_rating` decimal(10,0) NOT NULL DEFAULT 0,
  `product_status` decimal(10,0) NOT NULL DEFAULT 1,
  `createdAt` datetime NOT NULL DEFAULT current_timestamp(),
  `updatedAt` datetime NOT NULL DEFAULT current_timestamp() ON UPDATE current_timestamp()
) ENGINE=InnoDB DEFAULT CHARSET=utf8mb4;

--
-- Dumping data for table `product`
--

INSERT INTO `product` (`product_id`, `seller_id`, `category_id`, `brand_id`, `product_name`, `product_detail`, `product_price`, `product_qty`, `product_use`, `product_image`, `product_rating`, `product_status`, `createdAt`, `updatedAt`) VALUES
(11, 2, 2, 2, 'Royal Canin Hair & Skin Care อาหารแมวโตบำรุงขนและผิวหนัง (400g , 2kg , 4kg , 10kg)', 'Royal Canin อาหารแมวโตบำรุงขนและผิวหนัง\r\nช่วยบำรุงขนให้เงางาม และบำรุงผิวหนัง ให้มีสุขภาพดี ประกอบด้วย น้ำนมถั่วเหลืองและน้ำมันดอกโบราจ (มีปริมาณกรดไขมัน แกมม่าลิโนอิกสูง) น้ำมันปลา (มีปริมาณโอเมก้า 3 สูง) บำรุงขนให้เงางามและผิวหนังชุ่มชื้น โปรตีนคุณภาพดีแหล่งของกรดอะมิโนที่จำเป็น (essential amino acid) , วิตามินบี , สังกะสี และทองแดง ช่วยบำรุง ขนและผิวหนังให้มีคุณภาพดีโดยส่งเสริมให้ร่างกาย สังเคราะห์เคราติน (โปรตีนที่เป็นโครงสร้างหลักของเส้นขน) ', 2700, 18, 10, 'dist/img/product/0afdfc62f763ab51034fa9531ae525bc.jpg', '0', '1', '2022-02-25 17:28:23', '2022-03-17 13:25:27'),
(24, 7, 1, 1, 'Royal Canin Mini Puppy อาหารเปียก ชิ้นเนื้อในน้ำเกรวี่ สำหรับลูกสุนัข พันธุ์เล็ก (85g)', 'สำหรับ ลูกสุนัขพันธุ์เล็ก (น้ำหนัก 1-10 กิโลกรัม)  อายุ  2เดือน ถึง 10เดือน\r\nImmune System Support - ช่วยเสริมภูมิต้านทาน\r\nDigestive Health - ย่อยง่าย\r\nIntense Energy Content - เพิ่มพลังงาน\r\nส่วนผสม\r\nเนื้อไก่ ไตสุกร ตับไก่ น้ำมันเมล็ดทานตะวัน แร่ธาตุ วิตามิน แป้งข้าวโพด ข้าว เซลลูโลส เยื่อหัวบีท น้ำมันปลา ยีสต์ สารปรุงแต่งอาหารสัตว์ (ไคลน็อพทิโลไลท์) สารเพิ่มความหนืดจากคาร็อบกัม ดอกดาวเรืองป่น คาราเมล เบต้าแคโรทีน\r\n\r\nคุณภาพทางโภชนาการ\r\nโปรตีน      ไม่น้อยกว่า 8%\r\nไขมัน        ไม่น้อยกว่า 6%\r\nกาก          ไม่มากกว่า 1%\r\nความชื้น  ไม่มากกว่า 79%\r\n\r\n85g/pouch\r\nMade in Australia', 35, 0, 5, 'dist/img/product/dbfa804db7f551c05c80f7694ed6ca66.jpg', '0', '1', '2022-03-17 13:52:21', '2022-05-21 12:49:19'),
(25, 7, 1, 1, 'Royal Canin (Mini Adult) อาหารเปียก ชิ้นเนื้อในน้ำเกรวี่ สำหรับสุนัขโต พันธุ์เล็ก (85g)', 'สำหรับ สุนัขโตพันธุ์เล็ก (น้ำหนัก 1-10 กิโลกรัม)  อายุ  10เดือน ถึง 12ปี\r\nDigestive Health - ย่อยง่าย\r\nAdapted Energy - ช่วยรักษาน้ำหนัก\r\nCoat Condition - บำรุงขน\r\nส่วนผสม\r\nเนื้อไก่ ไตสุกร ตับสุกร ตับไก่ เซลลูโลส ข้าว แป้งข้าวโพด น้ำมันเมล็ดทานตะวัน แร่ธาตุ วิตามิน น้ำมันปลา สารปรุงแต่งอาหารสัตว์ (ไคลน็อพทิโลไลท์) สารเพิ่มความหนืดจากคาร็อบกัม คาราเมล ดอกดาวเรืองป่น\r\n\r\nคุณภาพทางโภชนาการ\r\nโปรตีน      ไม่น้อยกว่า 7.5%\r\nไขมัน        ไม่น้อยกว่า 5.5%\r\nกาก          ไม่มากกว่า 1.1%\r\nความชื้น  ไม่มากกว่า 81%\r\n\r\n85g/pouch\r\nMade in Australia', 35, 31, 5, 'dist/img/product/1d750a9c761db67cbf4ba34bc937d386.jpg', '0', '1', '2022-03-17 13:54:52', '2022-05-21 12:48:03'),
(26, 7, 1, 1, 'Royal Canin Mini Indoor Senior อาหารสุนัขรอยัลคาร์นิน สูตรสุนัขแก่ พันธุ์เล็ก เลี้ยงในบ้าน (1.5kg)', 'Royal Canin Mini Indoor Senior\r\nสำหรับสุนัขสูงวัย พันธุ์เล็ก เลี้ยงในบ้าน อายุ 8 ปีขึ้นไป (นน. โตเต็มวัยต่ำกว่า 10 กก.)\r\n\r\nดูแลช่วงสูงวัย ด้วยกลุ่มสารต้านอนุมูลอิสระ และ EPA&DHA ที่ช่วยต่อสู้กับอนุมูลอิสระในร่างกาย\r\nดูแลการย่อยอาหารและการขับถ่าย ด้วยโปรตีนคุณภาพสูง (L.I.P.) คาร์โบไฮเดรตย่อยง่าย และใยอาหารที่เหมาะสม ช่วยปรับอุจจาระให้เป็นก้อนดี ลดกลิ่นและปริมาณมูล\r\nปรับเป็นอาหารกึ่งเหลวได้ เม็ดอาหารดูดซึมน้ำได้ง่าย เหมาะสำหรับสุนัขอายุมากที่เริ่มเคี้ยวอาหารลำบาก\r\n\r\nคุณภาพของอาหารสัตว์ทางเคมี:\r\nโปรตีน ไม่น้อยกว่า 22%\r\nไขมัน ไม่น้อยกว่า 12%\r\nกาก ไม่มากกว่า 2.4%\r\nความชื้น ไม่มากกว่า 10.5%', 560, 50, 15, 'dist/img/product/031d20f67db534c32e528509e7e49d6e.jpg', '0', '1', '2022-03-17 13:55:59', '2022-03-17 13:55:59'),
(27, 7, 1, 1, 'Royal Canin MINI ADULT อาหารสุนัขโต0ขนาดเล็ก (แบบเม็ด)(15 kg)', 'สุนัขพันธุ์เล็ก 10 เดือน - 8 ปี Mini Adult Maintains Ideal Weight รักษาน้ำหนักให้อยู่ในระดับที่เหมาะสม Coat Condition เพื่อสุขภาพผิวหนังที่ดีและบำรุงขนให้เงางาม Dental Health มีโซเดียมโพลีฟอสเฟต ช่วยในการดักจับแคลเซียมในน้ำลายและลดการเกิดหินปูน อาหารเม็ด ', 2200, 23, 30, 'dist/img/product/9277206b16c1288476de9c4f85f8dab5.jpg', '0', '1', '2022-03-17 13:57:44', '2022-05-21 11:40:30'),
(28, 7, 1, 1, 'Royal Canin mini Indoor Adult อาหารสุนัขพันธุ์เล็กเลี้ยงภายในบ้าน (แบบเม็ด)(500g)', 'อาหารเม็ดสำหรับสุนัขโตที่เลี้ยงภายในบ้านโดยเฉพาะ เพื่อสุขภาพที่ดียิ่งขึ้นของสุนัข ช่วยลดกลิ่นและปริมาณอุจจาระ ด้วยโปรตีนคุณภาพสูง (L.I.P.) ที่ย่อยง่าย ปริมาณไฟเบอร์ที่เหมาะสม และคาร์โบไฮเดรตที่มีคุณภาพ ทำให้ช่วยลดกลิ่นและปริมาณอุจจาระของสุนัขได้ มีแอล-คานิทีน ช่วยเร่งการเผาผลาญไขมัน ควบคุมพลังงาน ป้องการการเกิดโรคอ้วนในสุนัข เพื่อรูปร่างและน้ำหนักที่สมดุล อุดมด้วย EPA-DHA ซึ่งเป็นสารอาหารที่ช่วยในการบำรุงผิวหนังและขนสุนัขให้มีสุขภาพดี มีโซเดียมโพลีฟอสเฟต ช่วยในการดักจับแคลเซียมในน้ำลายและลดการเกิดหินปูน', 240, 52, 10, 'dist/img/product/658d59f913e1861079d61b0bd5433f18.jpg', '0', '1', '2022-03-17 13:59:12', '2022-05-21 12:47:26'),
(29, 8, 1, 1, 'Royal Canin Puppy mini indoor life อาหารลูกสุนัขพันธุ์เล็ก อายุช่วงหลังหย่านม–10 เดือน แบบเม็ด(0.5kg)', 'อาหารเม็ดสำหรับลูกสุนัขพันธุ์เล็กที่เลี้ยงภายในบ้านโดยเฉพาะ เพื่อให้มีสุขภาพที่ดียิ่งขึ้นของสุนัข ช่วยลดกลิ่นและปริมาณอุจจาระ ด้วยโปรตีนคุณภาพสูง (L.I.P) ที่ย่อยง่าย ปริมาณไฟเบอร์ที่เหมาะสมและคาร์โบไฮเดรตที่มีคุณภาพ มี FOS และบัทบัลพ์ช่วยปรับสมดุลของแบคทีเรียในระบบทางเดินอาหาร อุดมด้วย EPA-DHA ซึ่งเป็นสารอาหารที่ช่วยในการบำรุงผิวหนังและขนสุนัขให้มีสุขภาพดี มีส่วนช่วยทำความสะอาดช่องปากและลดคราบหินปูนที่เกาะตามซอกฟัน พร้อมกับเสริมภูมิต้านทานธรรมชาติในลูกสุนัข การทำงานร่วมกับสารต้านอนุมูลอิสระลูทีน ทอรีน วิตามินอี วิตามินซี และ MOS กระตุ้นการสร้างภูมิต้านทาน ลดปริมาณแบคทีเรียที่เป็นโทษต่อร่างกาย', 220, 29, 15, 'dist/img/product/122f976f55a638b4e48833170928b5c1.jpg', '0', '1', '2022-03-17 14:02:34', '2022-05-21 11:40:30'),
(30, 8, 1, 1, 'Royal Canin MAXI PUPPY (Junior) อาหารสุนัข (แบบเม็ด) สำหรับลูกสุนัขพันธุ์ใหญ่ 2-15 เดือน (1kg)', 'Royal Canin อาหารสุนัข (แบบเม็ด) สำหรับลูกสุนัขพันธุ์ใหญ่ 2-15 เดือน\r\nควบคุมน้ำหนัก และบำรุงผิวหนังและเส้นขน\r\nเนื่องจากสุนัขพันธุ์ใหญ่ มีโครงสร้างที่ใหญ่และต้องรับน้ำหนักตัวมาก จึงต้องการสารอาหารที่ช่วยบำรุงกระดูกและข้อต่อ', 2200, 30, 30, 'dist/img/product/da6f33713397853d4a00479f218ea4fc.jpg', '0', '1', '2022-03-17 14:05:00', '2022-03-17 14:05:00'),
(31, 8, 1, 1, 'Royal Canin SHIHTZU ADULT อาหารสุนัขโต พันธุ์ชิสุ (แบบเม็ด) อายุ 10 เดือนขึ้นไป(1.5kg)', 'สุนัขพันธุ์ชิห์สุ 10 เดือนขึ้นไป Healthy Skin & Beautiful Coat บำรุงขนให้เงางาม บำรุงผิวหนังและระงับการคันในผิวหนังและหู DENTAL HEALTH ช่วยลดการก่อตัวของหินปูนด้วยตัวดักจับแคลเซียมในน้ำลาย เนื้อสัมผัสของอาหารจะช่วยขัดฟันขณะเคี้ยวอาหาร STOOL AND ODOUR REDUCTION ช่วยลดกลิ่นและปริมาณอุจจาระ Special Brachycephalic Jaws เม็ดอาหารออกแบบมาเฉพาะเหมาะกับสุนัขชิห์สุ สามารถคาบอาหาร เข้าปากได้อย่างสะดวก และส่งเสริมให้เกิดการเคี้ยว อาหารเพื่อการ ย่อยอาหารที่ดีขึ้น อาหารเม็ด Packaging ', 660, 30, 20, 'dist/img/product/1880e99b1be8155cc5a95be38d865208.jpg', '0', '1', '2022-03-17 14:06:06', '2022-03-17 14:06:06'),
(32, 8, 1, 1, 'Royal Canin CHIHUAHUA ADULT อาหารสุนัขโต พันธุ์ชิวาว่า (แบบเม็ด) อายุ 8 เดือนขึ้นไป (500g)', 'สุนัขพันธุ์ชิวาวา 8 เดือนขึ้นไป Superior Attraction ความน่ากินสูง STOOL & ODOUR REDUCTION ช่วยลดกลิ่นและปริมาณอุจจาระ DENTAL HEALTH ช่วยลดการก่อตัวของหินปูนด้วยตัวดักจับแคลเซียมในน้ำลายเนื้อสัมผัสของอาหารจะช่วยขัดฟันขณะเคี้ยวอาหาร Special Miniature Jaw เม็ดอาหารออกแบบมาเฉพาะสำหรับปากและฟันเล็กๆ ของสุนัขพันธุ์ชิวาวา อาหารเม็ด', 270, 48, 15, 'dist/img/product/a723e553dd7c7f2b4d77abf1e2e8d159.jpg', '0', '1', '2022-03-17 14:08:21', '2022-03-18 17:29:23'),
(33, 7, 1, 1, 'Royal Canin YORKSHIRE ADULT อาหารสุนัขพันธุ์ยอร์คไชร์ (แบบเม็ด) อายุ 10 เดือนขึ้นไป (500)', 'สุนัขพันธุ์ยอร์คไชร์เทอร์เรีย 10 เดือนขึ้นไป Targeted Hair Beauty ช่วยบำรุงขนให้นุ่มสวยเงางามและสีเข้มขึ้น Tartar Reduction ช่วยลดการก่อตัวของหินปูนด้วยตัวดักจับแคลเซียมในน้ำลาย เนื้อสัมผัสของอาหารจะช่วยขัดฟันขณะเคี้ยวอาหาร Longevity Program ช่วยบำรุงอวัยวะสำคัญภายในร่างกาย เพื่ออายุที่ยืนยาวขึ้น Exclusive Kibble: Dental Health EXCLUSIVE KIBBLE: DENTAL HEALTH This formula helps reduce tartar formation thanks to calcium chelators. ', 280, 98, 10, 'dist/img/product/0e15f9891425c2509bc65c620c2fd6f3.jpg', '0', '1', '2022-03-17 14:14:32', '2022-03-18 17:29:23'),
(34, 7, 1, 1, 'Royal Canin MAXI Adult อาหารสุนัข (แบบเม็ด) สำหรับสุนัขโตพันธุ์ใหญ่อายุ 15 เดือน – 5 ปี (4kg)', 'Royal Canin อาหารสุนัข (แบบเม็ด) สำหรับสุนัขโตพันธุ์ใหญ่อายุ 15 เดือน – 5 ปี ควบคุมน้ำหนัก และบำรุงผิวหนังและเส้นขน เนื่องจากสุนัขพันธุ์ใหญ่ มีโครงสร้างที่ใหญ่และต้องรับน้ำหนักตัวมาก จึงต้องการสารอาหารที่ช่วยบำรุงกระดูกและข้อต่อ\r\nเพื่อความปลอดภัยของระบบย่อยอาหารเพิ่ม EPA-DHA ช่วยต้านการอักเสบในลำไส้ แร่ธาตุและบีทพัลพ์ ช่วยควบคุมระยะเวลาที่อาหารอยู่ในลำไส้ช่วยให้คุณภาพอุจจาระดีขึ้น ทอรีนช่วยควบคุมจังหวะการเต้นของหัวใจและความแรงของการบีบตัวของหัวใจ ลดความเสี่ยงจากกล้ามเนื้อหัวใจขาดเลือด เพื่อสุขภาพของข้อต่อที่สมบูรณ์ แข็งแรง มีคอนดรอยติน กลูโคซามีนสูงเพิ่ม EPA-DHA สูตรอาหาร มีการคัดเลือกวัตถุดิบที่ดีทำให้อาหารมีรสชาติดี รวมถึงการบรรจุอย่างพิถีพิถัน ช่วยเพิ่มความน่ากินให้สูงขึ้น (ถุงสุญญากาศปราศจากออกซิเจน)', 1000, 19, 20, 'dist/img/product/15b4211f05b97108d88859069fecc818.jpg', '0', '1', '2022-03-17 14:15:49', '2022-03-17 15:32:27'),
(35, 7, 1, 1, 'Royal Canin PUPPY MEDIUM (Junior) อาหารลูกสุนัขพันธุ์กลาง (แบบเม็ด) อายุ 2 – 12 เดือน (15kg)', 'Royal Canin อาหารสุนัขขนาดกลาง \r\nช่วยให้มีระบบย่อยอาหารที่ดี ใช้โปรตีนคุณภาพทีมีการเลือกอย่างพิถีพิถัน ย่อยง่ายปลอดภัยต่อระบบทางเดินอาหาร มีปริมาณพลังงานสูง และโปรตีนสูงเพียงพอต่อความต้องการของร่างกาย ในขณะที่ร่างกายเจริญเติบโตอย่างรวดเร็ว สูตรพิเศษของสารต้านอนุมูลอิสระ ช่วยส่งเสริมลูกสุนัขสร้างภูมิคุ้มกันตามธรรมชาติให้ดีขึ้น มีปริมาณแคลเซียมและฟอสฟอรัสที่เหมาะสมต่อระดับพลังงาน', 2000, 20, 30, 'dist/img/product/e55e8a1232daa0cb8e063d9788177ce4.jpg', '0', '1', '2022-03-17 14:17:10', '2022-03-17 14:17:10'),
(36, 7, 1, 1, 'Royal Canin X-SMALL PUPPY (Junior) อาหารลูกสุนัขพันธุ์ ขนาดจิ๋ว แบบเม็ด (500g,)', 'ลูกสุนัขพันธุ์ขนาดจิ๋ว น้ำหนักตัวเมื่อโตเต็มวัย ไม่เกิน 4 กิโลกรัม\r\n\r\n- เสริมสร้างสุขภาพที่ดีของระบบทางเดินอาหาร\r\n- เสริมสร้างภูมิคุ้มกันตามธรรมชาติของลูกสุนัข\r\n- เม็ดอาหารเหมาะกับขากรรไกรขนาดเล็ก ช่วยขัดฟัน ลดการเกิดหินปูน เพื่ออนามัยที่ดีของช่องปากและฟัน', 270, 30, 10, 'dist/img/product/bb2ec41cb011c64d2dfe63a94fc066b9.jpg', '0', '1', '2022-03-17 14:18:15', '2022-03-17 14:18:15'),
(37, 7, 2, 8, 'Cat\'n Joy อาหารแมวแคทเอ็นจอย สูตรกุ้งและแซลมอน สำหรับแมวโตทุกสายพันธุ์ (1.2kg) ', 'อาหารแมวแบบเม็ด รสกุ้งและ แซลมอน \r\nสำหรับแมวโตทุกสายพันธุ์ อายุ 1 ปีขึ้นไป \r\nช่วยเสริมสร้างภูมิต้านทาน \r\nช่วยบำรุงสมอง ช่วยบำรุงสายตา \r\nช่วยเรื่องปัญหาก้อนขนอุดตัน \r\n1.2kg\r\nMade in Thailand', 149, 50, 10, 'dist/img/product/23b8713c03cb34b96ab0dbac70ddc2c1.jpg', '0', '1', '2022-03-18 17:38:56', '2022-03-18 17:38:56'),
(38, 7, 2, 8, 'แคทเอ็นจอย อาหารแมว(แบบเปียก) สำหรับแมวทุกสายพันธุ์ สูตรไก่บดผสมปลาชิราสึ (80g)', 'แค็ท เอ็นจอย อาหารแมวแบบเปียก สำหรับแมวทุกสายพันธุ์ อายุ 2 เดือนขึ้นไป สูตรไก่บดผสมปลาชิราสึ\r\n\r\nส่วนผสม: โครงไก่ ตับไก่ ปลาชิราสึ เยลลี่ น้ำมันเมล็ดดอกทานตะวัน วิตามิน แร่ธาตุ \r\n\r\nวิธีแะขนาดการใช้: \r\nน้ำหนักแมว 1-2 กก. 1 ซองต่อวัน\r\nน้ำหนักแมว 2.1-3 กก. 2 ซองต่อวัน\r\nน้ำหนักแมว 3.1-4 กก. 3 ซองต่อวัน\r\nปริมาณอาหารที่ให้แต่ละมื้อ อาหารสามารถปรับได้ตามความเหมาะสม โดยคำนึงถึงน้ำหนักตามสายพันธุ์ และกิจกรรมของแมว สามารถให้แมวได้ทันทีโดยไม่ต้องอุ่น ควรเตรียมน้ำสะอาดให้แมวตลอดเวลา', 16, 42, 5, 'dist/img/product/6f1d2b3f9ff3d00e1eaf80f3328feed3.jpg', '0', '1', '2022-03-19 08:53:36', '2022-03-19 09:03:49'),
(39, 7, 2, 8, 'Cat\'n Joy อาหารแมวแคทเอ็นจอย สูตรปลาแซลมอน สำหรับแมวโตทุกสายพันธุ์ (1.2 กก.) ', 'อาหารแมวแบบเม็ด รสปลาแซลมอน \r\nสำหรับแมวโตทุกสายพันธุ์ อายุ 1 ปีขึ้นไป \r\nช่วยเสริมสร้างภูมิต้านทาน \r\nช่วยบำรุงสมอง ช่วยบำรุงสายตา \r\nช่วยเรื่องปัญหาก้อนขนอุดตัน \r\nช่วยลดปัญหาจากโรคนิ่วและโรคไต', 149, 33, 12, 'dist/img/product/ec3e217cffbd5766850eceed719e5618.jpg', '0', '1', '2022-03-19 08:56:07', '2022-03-19 08:56:07'),
(40, 7, 2, 8, 'Cat\'n Joy อาหารแมวแคทเอ็นจอย สูตรทูน่า สำหรับแมวโตทุกสายพันธุ์ (1.2 กก.) ', 'อาหารแมวแบบเม็ด รสปลาทูน่า สำหรับแมวโตทุกสายพันธุ์ อายุ 1 ปีขึ้นไป\r\n- ช่วยเสริมสร้างภูมิต้านทาน\r\n- ช่วยบำรุงสมอง ช่วยบำรุงสายตา\r\n- ช่วยเรื่องปัญหาก้อนขนอุดตัน\r\n- ช่วยลดปัญหาจากโรคนิ่วและโรคไต', 149, 29, 12, 'dist/img/product/47ec3f8983501673ec80e85dc2b7a4ed.jpg', '0', '1', '2022-03-19 08:59:21', '2022-03-19 08:59:21'),
(41, 7, 2, 8, 'Cat\'n Joy อาหารแมวแคทเอ็นจอย สูตรไก่และทูน่า สำหรับแมวโตทุกสายพันธุ์ (1.2 กก.)', 'อาหารแมวแบบเม็ด รสปลาแซลมอน สำหรับแมวโตทุกสายพันธุ์ อายุ 1 ปีขึ้นไป \r\nช่วยเสริมสร้างภูมิต้านทาน \r\nช่วยบำรุงสมอง ช่วยบำรุงสายตา \r\nช่วยเรื่องปัญหาก้อนขนอุดตัน \r\nช่วยลดปัญหาจากโรคนิ่วและโรคไต', 149, 54, 12, 'dist/img/product/e9010b922cd953645acf7f864d834e60.jpg', '0', '1', '2022-03-19 09:03:05', '2022-03-19 09:03:05'),
(42, 7, 2, 8, 'แคทเอ็นจอย อาหารแมว(แบบเปียก) สำหรับแมวทุกสายพันธุ์ สูตรปลาแมคเคอเรลในเยลลี่ (85g)', 'แค็ท เอ็นจอย อาหารแมวแบบเปียก \r\nจากเนื้อปลาทะเลน้ำลึกเนื้อปลาแมคเคอเรลชิ้นโตมาพร้อมกับประโยชน์ที่อัดแน่นของโอเมก้า 3 ที่ช่วยบำรุงขนให้เงางาม\r\nส่วนผสม \r\nปลาแมคเคอเรล เยลลี่ น้ำมันเมล็ดทานตะวัน วิตามินและแร่ธาตุ \r\nวิธีและขนาดการใช้\r\nปริมาณอาหารที่ให้ในแต่ละมื้ออาหารสามารถปรับได้ตามความเหมาะสม โดยคำนึงถึงน้ำหนักตามสายพันธุ์ และกิจกรรมของแมว สามารถให้แมวได้ทันทีโดยไม่ต้องอุ่น ควรเตรียมน้ำสะอาดให้แมวตลอดเวลา\r\nเมื่อเปิดภาชนะบรรจุแล้ว ควรเก็บรักษาไว้ในตู้เย็น\r\nขนาด 85 กรัม', 16, 25, 5, 'dist/img/product/2d85c70cbd0d57332d5a4ccfa900f8cf.jpg', '0', '1', '2022-03-19 09:05:56', '2022-03-19 09:05:56'),
(43, 7, 2, 8, 'แคทเอ็นจอย อาหารแมว(แบบเปียก) สำหรับแมวทุกสายพันธุ์ สูตรปลาทูน่าผสมปลาแซลมอนในเยลลี่ (85g)', 'Tuna with Salmon in Jelly อาหารแมวแบบเปียก สำหรับแมวทุกสายพันธุ์ สูตรปลาทูน่าผสมปลาแซลมอนในเยลลี่', 16, 15, 5, 'dist/img/product/83a28ef5f55f01ba60bfc0ab35366b04.jpg', '0', '1', '2022-03-19 09:07:38', '2022-03-19 09:07:38'),
(44, 7, 5, 12, 'Hikari Tanago อาหารสำหรับปลาขนาดเล็ก ตระกูลบาร์ปที่กินพืช ชนิดเม็ดจมช้า ช่วยเพิ่มสีสันแวววาว (Micro Pellet เม็ดเกร็ดเล็ก) (70g)', 'Hikari Tanago Micro Pellet อาหารสำหรับปลากินพืชตระกูลบาร์ป ชนิดเม็ดจมช้า\r\nทุกรสชาติความละมุนจบในซองเดียว\r\nมี Hikari bacteria ช่วยในการทำงานของลำไส้และระบบย่อยอาการในปลากินพืชตระกูลบาร์ปหรือตะเพียน\r\nเม็ดชนิดเกล็ด แบบจมช้า นำเข้าจากญี่ปุ่น\r\nโปรตีนมากถึง 45% จากวัตถุดิบคุณภาพสูง ทำให้โปรเจริญเติบโตได้ดี\r\nมีส่วนผสมของสาหร่าย ทำให้ปลามีสีสันสดใสสวยงาม\r\nช่วยเพิ่มสีสันแวววาวให้กับปลา\r\nช่วยเรื่องการย่อยสลายของเสียจากอุจจาระ \r\nช่วยยับยั้งความสกปรกของที่กรอง หรือน้ำที่ใช้เลี้ยงปลา', 135, 35, 15, 'dist/img/product/3ee5e5264d8fec74d07d48004ed4dd3d.jpg', '0', '1', '2022-03-19 09:15:05', '2022-03-19 09:15:05'),
(45, 7, 5, 12, 'Saki-Hikari Growth (S) ฮิคาริ ซากิ อาหารปลาคาร์ฟพรีเมี่ยม สูตรเร่งโต (เม็ดเล็ก) (แบบลอย) (2kg)', 'อาหารปลาคาร์ฟ\r\n\r\nขนาดเม็ด: 2.7 - 3.0mm\r\nเหมาะสำหรับ ปลาคาร์ฟขนาดความยาว 8cm หรือ ใหญ่กว่า\r\n\r\nProduct of Japan\r\n\r\nA Daily Diet For Show Koi Offering Accelerated Growth\r\n\r\nA daily diet offering outstanding growth characteristics to help the advanced hobbyist develop jumbo sized champions!', 1250, 38, 20, 'dist/img/product/6e835719bb7dfef97c3014d426144494.jpg', '0', '1', '2022-03-19 09:19:03', '2022-03-19 09:19:03'),
(46, 7, 5, 12, 'Hikari Goldpros อาหารปลาทอง ชนิดแผ่น สูตรเร่งสี มีจุลินทรีย์ บำบัดน้ำ (50g)', 'อาหารปลาทองสูตรเร่งสี เหมาะสำหรับปลาทองทุกชนิด ผลิตจากวัตถุดิบคุณภาพสูง เพื่อช่วยให้ปลาทองมีสุขภาพดี และเป็นสูตรพิเศษที่ไม่ทำให้น้ำเน่าเสียอีกด้วย\r\n\r\n50g\r\nMade in Japan', 115, 22, 15, 'dist/img/product/71d537939a2ffa29b45e1df8ed320c53.jpg', '0', '1', '2022-03-19 09:21:14', '2022-03-19 09:21:14'),
(47, 7, 5, 12, 'Hikari Staple Growth & Maintenance Diet อาหารปลาคาร์ฟ สูตรเพื่อการเจริญเติบโต แบบลอย เม็ดเล็ก (S) (500g)', 'ฮิคาริ สเตเปิล มีสารอาหารที่จำเป็นสำหรับ ปลาคาร์พอย่างครบถ้วน ผลิตจากวัตถุดิบชั้นเยี่ยมและมีส่วนผสมของสารอาหารที่มีประโยชน์ สำหรับปลาอย่างลงตัว อุดมไปด้วยวิตามินซีช่วยลดความเครียด และเพิ่มความต้านทานโรค จำงทำให้ปลาเจริญเติบโตอย่างต่อเนื่องและมีสุขภาพแข็งแรงสมบูรณ์ทั้งยังมีรูปทรง สวยงามตามธรรมชาติ\r\n\r\nA Daily Diet For Koi\r\n\r\nA high quality, basic daily diet made from premium ingredients offering superior growth and health improving characteristics.', 170, 20, 20, 'dist/img/product/b5b9e9d32395fa7b051a4b5bcec4b93a.png', '0', '1', '2022-03-19 09:23:27', '2022-03-19 09:23:27'),
(48, 7, 5, 12, 'Hikari Staple Growth & Maintenance Diet Staple อาหารปลาคาร์ฟ สูตรเพื่อการเจริญเติบโต แบบลอย เม็ดกลาง (M) (500g)', 'Hikari Growth & Maintenance Diet Staple อาหารปลาคาร์ฟ เม็ดกลาง (500g.)\r\n\r\nคุณสมบัติ\r\nช่วยในเรื่องของการเจริญเติบโต\r\nมีสารอาหารที่ช่วยเสริมสร้างสุขภาพของระบบภูมิคุ้มกัน', 160, 25, 20, 'dist/img/product/ddd39b651e34b03fb556aff074111c3d.jpg', '0', '1', '2022-03-19 09:25:15', '2022-03-19 09:25:15'),
(49, 8, 2, 2, 'INABA อาหารเปียกแมว รสเนื้อสันในไก่ในน้ำเกรวี่หน้าปลาโอแห้ง (70กรัม) (IMC-147)', 'อาหารผสมสำเร็จรูปชนิดเปียกสำหรับแมวอายุ 1 ปีขึ้นไป \r\n\r\nส่วนผสม: สันในไก่, ปลาโอแห้ง, แป้งมันสำปะหลังดัดแปร, น้ำซุปเข้มข้น, กัวร์กัม, น้ำปลาเข้มข้น, วิตามิน อี, คาราจีแนน, ทอรีน, ,ผงชาเขียว \r\n\r\nคุณภาพของอาหารสัตว์ทางเคมี :\r\nโปรตีน ไม่น้อยกว่า 9% , \r\nไขมัน ไม่น้อยกว่า 0.4% , \r\nกาก ไม่มากกว่า 0.1% , \r\nความชื้น ไม่มากกว่า 89% \r\n\r\n วิธีและขนาดการใช้ · \r\nแมวโตน้ำหนัก 2.5-4.0 กิโลกรัม ให้กินวันละ 70 กรัม · \r\nแมวโตน้ำหนักมากกว่า 4 กิโลกรัม ให้กินวันละ 140 กรัม และให้อาหารสำเร็จรูปอื่นเพิ่มเติม เพื่อให้แมวได้รับสารอาหารเพียงพอต่อความต้องการของร่างกาย', 29, 12, 2, 'dist/img/product/982e3281d2ffd52512817b6fafab1e65.jpg', '0', '1', '2022-03-19 09:31:17', '2022-03-19 09:31:17'),
(50, 8, 2, 2, 'INABA ยากิคัตซึโอะ อาหารเปียกแมวแบบถ้วย สำหรับแมว อายุ 1 ปีขึ้นไป คละ 7 รส ยกแพ็ค (7 ถ้วย)', 'อาหารสำเร็จรูปชนิดเปียกสำหรับแมวอายุ 1 ปีขึ้นไป คละ 6 รส ดังนี้ \r\n-INABA ยากิคัตซึโอะ คานิคามะ วิท คัตซึโอะบูชิ (ปลาทูน่าเนื้อขาว ปูอัด ปลาโอแห้ง)  (80 กรัม)\r\n-INABA ยากิคัตซึโอะ ชิราซึ วิท คัตซึโอะบูชิ (ปลาทูน่าเนื้อขาว ปลาข้าวสาร ปลาโอแห้ง) (80 กรัม) \r\n-INABA ยากิคัตซึโอะ คัตซึโอะบูชิ (ปลาทูเนื้อขาว ปลาโอแห้ง) (80 กรัม) \r\n-INABA ยากิคัตซึโอะ มากุโระ ไวท์ มีท วิท คัตซึโอะบูชิ (ปลาทูน่าเนื้อขาว ปลาโอแห้ง) (80 กรัม) \r\n-INABA อาหารเปียกแมว รสเนื้อสันในไก่ในน้ำเกรวี่หน้าปลาข้าวสาร (70 กรัม)\r\n-INABA อาหารเปียกแมว เนื้อสันในไก่รสหอยเชลล์ในน้ำเกรวี่ (70 กรัม)\r\n-INABA อาหารเปียกแมว รสเนื้อสันในไก่ในน้ำเกรวี่หน้าปลาโอแห้ง (70 กรัม)', 199, 25, 7, 'dist/img/product/2b413b3b4ae928fb4178a763fbf79849.jpg', '0', '1', '2022-03-19 09:34:04', '2022-03-19 09:34:04'),
(51, 8, 2, 2, 'INABA Jelly อาหารเปียกสำหรับแมว รสทูน่าชิ้นย่อยในเยลลี่ (60g.) ', 'อาหารสัตว์ผสมสำเร็จรูปชนิดเปียกสำหรับแมวอายุ 1 ปีขึ้นไป', 27, 12, 2, 'dist/img/product/791bc17d2e06478650853ffd5a144400.jpg', '0', '1', '2022-03-19 09:35:43', '2022-03-19 09:35:43'),
(52, 8, 2, 2, 'INABA Jelly อาหารเปียกสำหรับแมว สูตรปลาทูน่าในเยลลี่หน้าปลาข้าวสาร (60g.) ', 'อาหารสัตว์ผสมสำเร็จรูปชนิดเปียกสำหรับแมวอายุ 1 ปีขึ้นไป', 27, 12, 2, 'dist/img/product/fc304766b33a66424de9eaa753d5a0be.jpg', '0', '1', '2022-03-19 09:36:46', '2022-03-27 13:10:44'),
(53, 8, 2, 2, 'INABA Jelly อาหารเปียกสำหรับแมว รสทูน่าในเยลลี่หน้าแซลมอน (60g.) ', 'อาหารสัตว์ผสมสำเร็จรูปชนิดเปียกสำหรับแมวอายุ 1 ปีขึ้นไป', 27, 14, 2, 'dist/img/product/4cc645bf2292c167dff1698e2a24df87.jpg', '0', '1', '2022-03-19 09:38:05', '2022-03-19 09:38:05'),
(54, 8, 2, 2, 'INABA Jelly คิโนะดะชิ มากุโระ คัตซึโอะ วิท โซลฟิช สูตรปลาทูน่าและปลาตาเดียว (60g.) ', 'อาหารสัตว์ผสมสำเร็จรูปชนิดเปียกสำหรับแมวอายุ 1 ปีขึ้นไป', 27, 14, 2, 'dist/img/product/3a5c578cebcc686180af775918da4f6c.jpg', '0', '1', '2022-03-19 09:40:50', '2022-03-19 09:41:42'),
(55, 8, 2, 2, 'INABA Jelly คิโนะดะชิ มากุโระ คัตซึโอะ วิท โซลฟิช สูตรปลาทูน่าและปลาตาเดียว (60g.) ', 'อาหารสัตว์ผสมสำเร็จรูปชนิดเปียกสำหรับแมวอายุ 1 ปีขึ้นไป', 27, 14, 2, 'dist/img/product/eb7fd55d129d67aa71e7dfeee3c17b41.jpg', '0', '1', '2022-03-19 09:41:05', '2022-03-19 09:41:05'),
(56, 8, 2, 2, 'INABA Jelly อาหารเปียก สำหรับแมว รสทูน่าในเยลลี่หน้าเนื้อสันในไก่ (60g.)', 'อาหารสัตว์ผสมสำเร็จรูปชนิดเปียกสำหรับแมวอายุ 1 ปีขึ้นไป', 27, 14, 2, 'dist/img/product/6c9feedeee9b28b9dc68358c8ba3258a.jpg', '0', '1', '2022-03-19 09:43:08', '2022-03-19 09:43:08'),
(57, 8, 2, 9, 'CIAO เพ้าช์ ปลาทูน่าย่างชิ้นย่อยในเยลลี่กับปลาโอสไลซ์และหอยเชลล์สำหรับลูกแมว (50g) ', 'ปลาทูน่าย่างชิ้นย่อย\r\nหน้าหอยเชลล์ รสน้ำซุปญี่ปุ่นในเยลลี่\r\nเป็นชิ้นเนื้อปลาทูน่าฉีกเป็นชิ้นย่อยๆ เนื้อปลาเต็มๆ กินง่าย ย่อยง่าย กินได้แม้แมวป่วย แก่ มีปัญหาระบบย่อย\r\n\r\nแบบซองเพ้าช์ ขนาด/ปริมาณ พอเหมาะพอดีต่อ 1 มื้อ ไม่ต้องเหลือเก็บให้ยุ่งยาก\r\nปลาทูน่าย่าง เพิ่มความหอม น่ากิน\r\nสำหรับลูกแมวหลังหย่านมถึงอายุ 1 ปี\r\n\r\n\r\n50g\r\nMade in Thailand', 22, 28, 2, 'dist/img/product/dfefa8b0ec4ffd668feab62d1a4c89ab.jpg', '0', '1', '2022-03-19 09:45:47', '2022-03-19 09:47:32'),
(58, 8, 2, 9, 'CIAO เพ้าช์ - ปลาทูน่าย่างชิ้นย่อยในเยลลี่กับรสหอยเชลล์และปลาโอสไลซ์ (50g)', 'ปลาทูน่าย่างชิ้นย่อยในเยลลี่\r\nรสหอยเชลล์และปลาโอสไลซ์\r\nเป็นชิ้นเนื้อปลาทูน่าฉีกเป็นชิ้นย่อยๆ เนื้อปลาเต็มๆ กินง่าย ย่อยง่าย กินได้แม้แมวป่วย แก่ มีปัญหาระบบย่อย\r\n\r\nสำหรับแมวอายุ 1ปี ขึ้นไป', 22, 15, 2, 'dist/img/product/61625f05fc3a1d5fa13bfa657e193e2d.jpg', '0', '1', '2022-03-19 09:49:30', '2022-03-19 09:49:30'),
(59, 8, 2, 9, 'CIAO เพ้าช์ - ปลาทูน่าย่างชิ้นย่อยในเยลลี่ รสปลาข้าวสารและหอยเชลล์ (50g)', 'ปลาทูน่าย่างชิ้นย่อยในเยลลี่\r\n                                                                           \r\n รสปลาข้าวสารและหอยเชลล์\r\n                                                                         \r\nเป็นชิ้นเนื้อปลาทูน่าฉีกเป็นชิ้นย่อยๆ เนื้อปลาเต็มๆ กินง่าย ย่อยง่าย กินได้แม้แมวป่วย แก่ มีปัญหาระบบย่อย\r\n                                                                        \r\nแบบซองเพ้าช์ ขนาด/ปริมาณ พอเหมาะพอดีต่อ 1 มื้อ ไม่ต้องเหลือเก็บให้ยุ่งยาก\r\n                                                                         \r\nปลาทูน่าย่าง เพิ่มความหอม น่ากิน\r\nสำหรับแมวอายุ 1ปี ขึ้นไป', 22, 16, 2, 'dist/img/product/b115ce823081e59ecdd12313cbaec622.jpg', '0', '1', '2022-03-19 09:52:16', '2022-03-19 10:00:49'),
(60, 8, 2, 9, 'CIAO เพ้าช์ - ปลาทูน่าย่างชิ้นย่อยในเยลลี่ รสหอยเชลล์', 'ปลาทูน่าย่างชิ้นย่อยในเยลลี่\r\nรสหอยเชลล์\r\nเป็นชิ้นเนื้อปลาทูน่าฉีกเป็นชิ้นย่อยๆ เนื้อปลาเต็มๆ กินง่าย ย่อยง่าย กินได้แม้แมวป่วย แก่ มีปัญหาระบบย่อย\r\nแบบซองเพ้าช์ ขนาด/ปริมาณ พอเหมาะพอดีต่อ 1 มื้อ ไม่ต้องเหลือเก็บให้ยุ่งยาก\r\nปลาทูน่าย่าง เพิ่มความหอม น่ากิน\r\nสำหรับแมวอายุ 1ปี ขึ้นไป', 22, 22, 2, 'dist/img/product/7b63d7512de418bb952cfea518bd0f4c.jpg', '0', '1', '2022-03-19 09:56:56', '2022-03-19 09:56:56'),
(61, 8, 2, 9, 'CIAO เพ้าช์ - ปลาทูน่าย่างชิ้นย่อยหน้าหอยเชลล์ รสน้ำซุปญี่ปุ่นในเยลลี่ (50g)', 'ปลาทูน่าย่างชิ้นย่อย\r\nหน้าหอยเชลล์ รสน้ำซุปญี่ปุ่นในเยลลี่\r\nเป็นชิ้นเนื้อปลาทูน่าฉีกเป็นชิ้นย่อยๆ เนื้อปลาเต็มๆ กินง่าย ย่อยง่าย กินได้แม้แมวป่วย แก่ มีปัญหาระบบย่อย\r\nแบบซองเพ้าช์ ขนาด/ปริมาณ พอเหมาะพอดีต่อ 1 มื้อ ไม่ต้องเหลือเก็บให้ยุ่งยาก\r\nปลาทูน่าย่าง เพิ่มความหอม น่ากิน\r\nสำหรับแมวอายุ 1ปี ขึ้นไป', 22, 12, 2, 'dist/img/product/471669e85e36f5e95f6ea3d8a16c5970.jpg', '0', '1', '2022-03-19 09:58:28', '2022-03-19 10:00:09'),
(62, 8, 1, 13, 'Pedigree - อาหารสุนัขแบบเม็ดสำหรับสุนัขโต รสเนื้อวัวและผัก (3Kg.)', 'เพดดิกรี® สำหรับสุนัขโตเต็มวัย มีส่วนผสมเฉพาะที่ผสมผสาน กรดไขมันโอเมก้า 6 และสังกะสี ผ่านการทดสอบทางวิทยาศาสตร์แล้วว่าช่วยให้ขนสุขภาพดี เงางามขึ้นภายใน 6 สัปดาห์ นอกจากนี้ยังมีคุณค่าทางสารอาหารครบถ้วนอย่างที่เค้าต้องการ เพื่อให้เค้าได้เอร็ดอร่อย และมีสุขภาพที่ดีครบ 5 ประการ', 310, 21, 30, 'dist/img/product/68ac500d6a75c4c06ac7782419412152.png', '0', '1', '2022-03-19 10:12:49', '2022-03-19 10:12:49'),
(63, 8, 1, 13, 'Pedigree - อาหารสุนัขแบบเม็ดสำหรับสุนัขเล็ก รสวัว,แกะและผัก (1.5Kg.)', 'Pedigree อาหารสุนัขแบบเม็ดสำหรับสุนัขเล็ก รสเนื้อวัว , เนื้อแกะ และผักมีกรดไขมันโอเมก้า 6 และสังกะสี ซึ่งมีส่วนช่วยให้ผิวหนังสุขภาพดี ขนสวยเงางามขึ้นภายใน 6 สัปดาห์ พร้อมวิตามินและแร่ธาตุ 23 ชนิด เพื่อเสริมสร้างภูมิคุ้มกันที่ดี ให้เขาแข็งแรง สังเกตได้จากสัญญาณสุขภาพดีครบ 5 ประการ เพื่อเพิ่มรสชาติที่แสนอร่อยในแต่ละมื้อ', 175, 12, 15, 'dist/img/product/6cd86f4875c9ee5d5f0b907b8c39c25f.jpg', '0', '1', '2022-03-19 10:15:00', '2022-03-19 10:15:00'),
(64, 8, 1, 13, 'Pedigree - อาหารสุนัขแบบเม็ดสำหรับสุนัขโต รสไก่และผัก (3Kg. )', 'เพดดิกรี® สำหรับสุนัขโตเต็มวัย มีส่วนผสมเฉพาะที่ผสมผสาน กรดไขมันโอเมก้า 6 และสังกะสี ผ่านการทดสอบทางวิทยาศาสตร์แล้วว่าช่วยให้ขนสุขภาพดี เงางามขึ้นภายใน 6 สัปดาห์ นอกจากนี้ยังมีคุณค่าทางสารอาหารครบถ้วนอย่างที่เค้าต้องการ เพื่อให้เค้าได้เอร็ดอร่อย และมีสุขภาพที่ดีครบ 5 ประการ', 255, 14, 30, 'dist/img/product/902656cc273c1cbd3edb58a1f58eabcc.jpg', '0', '1', '2022-03-19 10:16:43', '2022-03-19 10:16:43'),
(65, 8, 1, 13, 'เพดดีกรี Pedigree - อาหารเปียกสุนัขแบบกระป๋อง สูตรโฮมสไตล์ รสเนื้อวัว (400g.)', 'Pedigree อาหารเปียกสุนัขแบบกระป๋อง รสเนื้อวัว มีชิ้นเนื้อนุ่ม อร่อย พร้อมคุณค่าที่เค้าต้องการ รวมไปถึงวิตามิน แร่ธาตุ แคลเซียม โอเมก้าและซิงค์ ไฟเบอร์ และ โปรตีน ให้สุนัขแข็งแรงมีชีวิตชีวา จากภายในสู่ภายนอก', 75, 13, 10, 'dist/img/product/f8376322fe6c5c664381682ba0c9b0b5.jpg', '0', '1', '2022-03-19 10:21:09', '2022-03-19 10:21:09'),
(66, 8, 1, 13, 'เพดดีกรี Pedigree - อาหารเปียกสุนัขแบบกระป๋อง รสเนื้อไก่และตับในน้ำซอส (700g.)', 'Pedigree อาหารเปียกสุนัขแบบกระป๋อง รสเนื้อไก่ชิ้นและตับในน้ำซอส \r\nมีชิ้นเนื้อนุ่ม อร่อย มีรสชาติ\r\nพร้อมคุณค่าที่ต้องการ รวมไปถึงวิตามิน แร่ธาตุ แคลเซียม โอเมก้าและซิงค์ ไฟเบอร์ และ โปรตีน \r\nให้เค้าแข็งแรงมีชีวิตชีวา จากภายในสู่ภายนอก\r\nน้ำหนักสุทธิ 700 กรัม', 95, 15, 15, 'dist/img/product/e8702533979ab126e6aab1cba520f386.jpg', '0', '1', '2022-03-19 10:22:22', '2022-03-19 10:22:22'),
(67, 8, 1, 13, 'เพดดิกรี Pedigree - อาหารเปียกสุนัขแบบกระป๋อง รสเนื้อไก่ (400g. )', 'Pedigree อาหารเปียกสุนัขแบบกระป๋อง รสเนื้อไก่ มีชิ้นเนื้อนุ่ม อร่อย พร้อมคุณค่าที่เค้าต้องการ รวมไปถึงวิตามิน แร่ธาตุ แคลเซียม โอเมก้าและซิงค์ ไฟเบอร์ และ โปรตีน ให้เค้าแข็งแรงมีชีวิตชีวา จากภายในสู่ภายนอก', 75, 23, 10, 'dist/img/product/8d74423b5ded48151b80061e08a7185b.jpg', '0', '1', '2022-03-19 10:24:00', '2022-03-19 10:24:00'),
(68, 8, 1, 13, 'เพดดีกรี Pedigree - อาหารเปียกสุนัขแบบกระป๋อง รสเนื้อวัวชิ้นในน้ำซอส (400g)', 'Pedigree อาหารเปียกสุนัขแบบกระป๋อง เนื้อวัวชิ้นในน้ำซอส มีชิ้นเนื้อนุ่ม อร่อย พร้อมคุณค่าที่ต้องการ รวมไปถึงวิตามิน แร่ธาตุ แคลเซียม โอเมก้าและซิงค์ ไฟเบอร์ และ โปรตีน ให้สุนัขแข็งแรงมีชีวิตชีวา จากภายในสู่ภายนอก\r\nขนาด 400 กรัม', 75, 15, 10, 'dist/img/product/54260212fe5efa41a6bc218e0ac0fcc0.jpg', '0', '1', '2022-03-19 10:25:55', '2022-03-19 10:25:55'),
(69, 9, 1, 13, 'เพดดิกรี Pedigree - อาหารเปียกสุนัขแบบซอง รสตับย่างบดพร้อมผัก (130g.)', 'Pedigree ชนิดเปียกแบบซอง รสตับย่างบดพร้อมผัก ด้วยสูตรเนื้อชิ้นในน้ำเกรวี่ อร่อยเข้มข้น พร้อมคุณค่าสารอาหารครบถ้วนและสมดุล รวมไปถึงวิตามิน แร่ธาตุ แคลเซียม โอเมก้าและซิงค์ ไฟเบอร์ และ โปรตีน ให้เค้าแข็งแรง สุขภาพดีครบ 5 ประการ', 23, 15, 2, 'dist/img/product/7fe1677fbff9e01662bc931005d73172.jpg', '0', '1', '2022-03-19 10:31:57', '2022-03-19 10:31:57'),
(70, 9, 1, 13, 'เพดดิกรี Pedigree - อาหารเปียกสุนัขแบบซอง รสไก่และตับชิ้นในน้ำเกรวี่ (130g.)', 'Pedigree ชนิดเปียกแบบซอง รสไก่และตับชิ้นในน้ำเกรวี่ ด้วยสูตรเนื้อชิ้นในน้ำเกรวี่ อร่อยเข้มข้น พร้อมคุณค่าสารอาหารครบถ้วนและสมดุล รวมไปถึงวิตามิน แร่ธาตุ แคลเซียม โอเมก้าและซิงค์ ไฟเบอร์ และ โปรตีน ให้เค้าแข็งแรง สุขภาพดีครบ 5 ประการ\r\n', 23, 16, 2, 'dist/img/product/16f75a00a3cd24126f2c93cd8a5dd803.jpg', '0', '1', '2022-03-19 10:32:49', '2022-03-19 10:32:49'),
(71, 9, 1, 13, 'เพดดิกรี Pedigree - อาหารเปียกสุนัขแบบซอง รสเนื้อวัวชิ้นในน้ำเกรวี (130g.)', 'Pedigree อาหารเปียกสุนัขแบบซอง รสเนื้อวัวชิ้นในน้ำเกรวี่ ด้วยสูตรเนื้อชิ้นในน้ำเกรวี่ อร่อยเข้มข้น พร้อมคุณค่าสารอาหารครบถ้วนและสมดุล รวมไปถึงวิตามิน แร่ธาตุ แคลเซียม โอเมก้าและซิงค์ ไฟเบอร์ และ โปรตีน ให้เค้าแข็งแรง สุขภาพดีครบ 5 ประการ', 23, 17, 2, 'dist/img/product/92dd957306a8a2ce258858f798989e62.jpg', '0', '1', '2022-03-19 10:33:46', '2022-03-19 10:33:46'),
(72, 9, 1, 13, 'เพดดิกรี Pedigree - อาหารเปียกสุนัขแบบซอง รสไก่ชิ้นในน้ำเกรวี่ (130g.)', 'Pedigree อาหารเปียกสุนัขแบบซอง รสไก่ชิ้นในน้ำเกรวี่ ด้วยสูตรเนื้อชิ้นในน้ำเกรวี่ อร่อยเข้มข้น พร้อมคุณค่าสารอาหารครบถ้วนและสมดุล รวมไปถึงวิตามิน แร่ธาตุ แคลเซียม โอเมก้าและซิงค์ ไฟเบอร์ และ โปรตีน ให้เค้าแข็งแรง สุขภาพดีครบ 5 ประการ', 23, 14, 2, 'dist/img/product/058a7006e69fb88a4ab76f4f1cf6e22b.jpg', '0', '1', '2022-03-19 10:35:05', '2022-03-19 10:35:05'),
(73, 9, 1, 13, 'เพดดิกรี Pedigree - อาหารเปียกสุนัขแบบซอง รสเนื้อวัวตุ๋นบดพร้อมผัก (130g.)', 'Pedigree ชนิดเปียกแบบซอง รสเนื้อวัวตุ๋นบดพร้อมผัก ด้วยสูตรเนื้อชิ้นในน้ำเกรวี่ อร่อยเข้มข้น พร้อมคุณค่าสารอาหารครบถ้วนและสมดุล รวมไปถึงวิตามิน แร่ธาตุ แคลเซียม โอเมก้าและซิงค์ ไฟเบอร์ และ โปรตีน ให้เค้าแข็งแรง สุขภาพดีครบ 5 ประการ', 23, 15, 2, 'dist/img/product/d56f08b246e80f62e5d834b37e3a2107.jpg', '0', '1', '2022-03-19 10:36:09', '2022-03-19 10:36:09'),
(74, 9, 2, 9, 'CIAO อาหารแมวแบบเปียก รสเนื้อสันในไก่และหอยเชลล์ในเยลลี่ (85g.) ', 'อาหารสัตว์ผสมสำเร็จรูปชนิดเปียก สำหรับแมวอายุ 1 ปีขึ้นไป  \r\n\r\n ส่วนผสม: สันในไก่, หอยเชลล์, เจลลี่, แป้งดัดแปร, คาราจีแนน, แป้งมันสำปะหลัง, กัวร์กัม, วิตามิน อี, ผงชาเขียว', 39, 24, 1, 'dist/img/product/80c5fd340d51f563f6b44283d61ace71.jpg', '0', '1', '2022-03-19 10:38:37', '2022-03-19 10:38:37'),
(75, 9, 2, 9, 'CIAO อาหารแมวแบบเปียก รสปลาทูน่าเนื้อขาวและปลาโอแห้งในเยลลี่ (85g.)', 'อาหารสัตว์ผสมสำเร็จรูปชนิดเปียก สำหรับแมวอายุ 1 ปีขึ้นไป  \r\n\r\n ส่วนผสม: ปลาทูน่าเนื้อขาว, ปลาโอแห้ง, เจลลี่, แป้งดัดแปร, คาราจีแนน, แป้งมันสำปะหลัง, กัวร์กัม, วิตามิน อี, ผงชาเขียว', 39, 27, 1, 'dist/img/product/d83863a2a0962abc858e427b09d14600.jpg', '0', '1', '2022-03-19 10:40:42', '2022-03-19 10:40:42'),
(76, 9, 2, 9, 'CIAO อาหารแมวแบบเปียก รสปลาทูน่าเนื้อขาวและปลาหมึกในเยลลี่ (85g.)', 'CIAO อาหารแมวแบบเปียก รสปลาทูน่าเนื้อขาวและปลาหมึกในเยลลี่ (85g.)\r\nส่วนผสม: ปลาทูน่าเนื้อขาว, ปลาหมึก, เจลลี่, แป้งดัดแปร, คาราจีแนน, แป้งมันสำปะหลัง, กัวร์กัม, วิตามิน อี, ผงชาเขียว', 39, 35, 1, 'dist/img/product/1511a2f6c1b665e1ee7f4e4a376f57fa.jpg', '0', '1', '2022-03-19 10:42:09', '2022-03-19 10:42:09'),
(77, 9, 2, 9, 'CIAO อาหารแมวแบบเปียก รสปลาทูน่าเนื้อขาวและปลาข้าวสารในเยลลี่', 'อาหารสัตว์ผสมสำเร็จรูปชนิดเปียก สำหรับแมวอายุ 1 ปีขึ้นไป\r\n\r\nส่วนผสม: ปลาทูน่าเนื้อขาว, ปลาข้าวสาร, เจลลี่, แป้งดัดแปร, คาราจีแนน, แป้งมันสำปะหลัง, กัวร์กัม, วิตามิน อี, ผงชาเขียว', 39, 32, 1, 'dist/img/product/eeb532de9e32daf1e2518847d83e99f2.jpg', '0', '1', '2022-03-19 10:43:16', '2022-03-19 10:43:16'),
(78, 9, 2, 9, 'CIAO อาหารแมวแบบเปียก รสเนื้อสันในไก่และปูอัดในเยลลี่ (85g.) ', 'อาหารสัตว์ผสมสำเร็จรูปชนิดเปียก สำหรับแมวอายุ 1 ปีขึ้นไป  \r\n ส่วนผสม: สันในไก่, หอยเชลล์, เจลลี่, แป้งดัดแปร, คาราจีแนน, แป้งมันสำปะหลัง, กัวร์กัม, วิตามิน อี, ผงชาเขียว', 39, 43, 1, 'dist/img/product/24f391c3255d59bdece22e8b5a80bd79.jpg', '0', '1', '2022-03-19 10:44:08', '2022-03-19 10:44:08'),
(79, 9, 2, 9, 'Ciao อาหารแมว แบบกระป๋อง คละรส ยกแพ็ค (5 รส)', 'Ciao อาหารแมว แบบกระป๋อง คละรส ยกแพ็ค (5 รส)\r\n[แมวโตน้ำหนัก 2.5-4 กิโลกรัม ให้กินวันละ 85 กรัม แมวโตน้ำหนักกว่า 4 กิโลกรัม ให้กินวันละ 170 กรัม และให้อาหารสำเร็จรูปอื่นเพิ่มเติม เพื่อให้แมวได้รับสารอาหารเพียงพอต่อความต้องการของร่างกาย]', 185, 21, 5, 'dist/img/product/e8078eac21ff9e95594a6ccfa6dcab81.png', '0', '1', '2022-03-19 10:46:06', '2022-03-19 10:46:06'),
(80, 9, 5, 12, 'Hikari Goldpros Vegetable ฮิคาริ โกล์ดพรอส อาหารปลาทอง แบบแผ่น สูตรผัก (50g)', 'อาหารปลาทอง ชนิดแผ่น สูตรผัก\r\n\r\nเป็นอาหารเพื่อสุขภาพ เนื่องจากมีส่วนผสมของผักหลายชนิด รูปแบบอาหารน่ากินมากขึ้น ทั้งรสชาติ และรสสัมผัส เพื่อตลอสนองความต้องการของปลา\r\nไม่มีสีผสมอาหาร\r\nไม่ทำให้น้ำขุ่น', 115, 16, 10, 'dist/img/product/a2c2bf7465ae84a90a24f3f11eb3153e.jpg', '0', '1', '2022-03-19 10:50:08', '2022-03-19 10:50:08'),
(81, 9, 5, 12, 'Hikari Neopros Guppy อาหารปลาหางนกยูง แบบแผ่น สูตรโปร เร่งสี เร่งโต ย่อยง่าย น้ำไม่ขุ่น (50g)', 'อาหารสูตรพัฒนาสำหรับปลาหางนกยูง เร่งทั้งสี และเร่งโต แบบแผ่นลอย ช่วยระบบย่อย ให้ปลามีสุขภาพดี แข็งแรง และไม่ทำให้น้ำขุ่น', 199, 23, 10, 'dist/img/product/08f20b35755f79334c7f7ebafbf090d5.jpg', '0', '1', '2022-03-19 10:51:25', '2022-03-19 10:51:25'),
(82, 9, 5, 12, 'Hikari Marinepros Green ฮิคาริ มารีนพรอส \"กรีน\" อาหารปลาทะเลกินพืช แบบแผ่น (50g)', 'Marinepros \"Green\"  อุดมไปด้วยส่วนผสมจากพืชหลายชนิดเช่นสาหร่ายสีเขียว และสาหร่ายสีแดง ทำให้กลุ่มปลาทะเลที่กินพืชเป็นอาหาร มีสีสันที่สวยงาม และมีสุขภาพที่แข็งแรง\r\nสำหรับกลุ่มปลาทะเลที่กินพืชเป็นอาหาร เช่น ปลาวัยอ่อน ปลาตระกูลแทงค์', 220, 22, 10, 'dist/img/product/3722e4a10df5133133750572d276d643.jpg', '0', '1', '2022-03-19 10:53:24', '2022-03-19 10:53:24'),
(83, 9, 5, 12, 'Hikari Marinepros Red ฮิคาริ มารีนพรอส \"เรด\" อาหารปลาทะเลกินเนื้อ แบบแผ่น (50g)', 'อาหารปลาทะเล ที่กินเนื้อเป็นอาหาร\r\n\r\nมีส่วนผสมจากสัตว์ เช่น กุ้งตัวเล็กๆและปลาหมึก เหมาะสำหรับกลุ่มปลาทะเลกินเนื้อและกลุ่มปลาทะเลกินทั้งพืชและสัตว์ เช่น กลุ่มปลาการ์ตูน กลุ่มปลาเดมเซล และกลุ่มปลาผีเสื้อขนาดเล็ก', 220, 24, 10, 'dist/img/product/b96ff3b82f116f5509ce30396be7b280.jpg', '0', '1', '2022-03-19 10:54:43', '2022-03-19 10:54:43'),
(84, 9, 5, 12, 'Saki-Hikari Marine Carnivore อาหารปลาทะเล ฮิคาริ สำหรับปลากินสัตว์ เม็ดจม ขนาดกลาง size M (40g)', 'Feed no more than your pet will consume within a minute up to 3 times each day. Care should be taken to avoid over-feeding and no food should remain after the feeding period.', 110, 30, 5, 'dist/img/product/80fed0c00148b5312a4557d3268a181d.jpg', '0', '1', '2022-03-19 10:57:59', '2022-03-19 10:57:59'),
(85, 9, 5, 12, 'Saki-Hikari Marine Herbivore อาหารปลาทะเล ฮิคาริ สำหรับปลาทะเล กินพืช เม็ดจม ขนาดกลาง size M (90g)', 'Saki-Hikari Marine Carnivore & Herbivore fish food is a probiotic, medium sized pellet that contains Hikari-Germ that promotes beneficial enzymes while preventing the proliferation of bad bacteria during the digestive process. The slow sinking pellets are highly digestible, tasty, and with their unique texture saltwater fish crave Saki-Hikari pellets.', 189, 26, 10, 'dist/img/product/191fd6ed30436c5bdcdb33c793f1ab7e.jpg', '0', '1', '2022-03-19 10:59:14', '2022-03-19 10:59:14'),
(86, 9, 5, 12, 'Saki-Hikari Fancy Goldfish Baby อาหารปลาทอง ฮิคาริ สูตรสำหรับลูกปลาทองขนาดไม่เกิน 3 ซม. (100g.)', 'Saki-Hikari Fancy Goldsh Baby Diet\r\nอาหารพรีเมี่ยมสูตรสำหรับลูกปลาทองขนาดไม่เกิน 3 cm.\r\nโดยเฉพาะ ช่วยให้ลูกปลาเจริญเติบโตอย่างสมบูรณ์แข็งแรง', 225, 25, 15, 'dist/img/product/7608d5432cd85335de3e05935b751598.jpg', '0', '1', '2022-03-19 11:00:11', '2022-03-19 11:00:11'),
(87, 9, 5, 12, 'Saki-Hikari Fancy Goldfish อาหารสำหรับปลาทองที่ต้องการเร่งสี และเร่งวุ้น (150 g)', 'Saki-Hikari Color Enhancing Floating Pellet อาหารสำหรับปลาทองที่ต้องการเร่งสี และเร่งวุ้น ประกอบไปด้วยโปรตีนคุณภาพดี และวิตามินทุกชนิดครบถ้วนตามความต้องการของปลาทอง ผลิตจากวัตถุดิบชั้นเลิศ ช่วยให้ปลkมีสุขภาพแข็งแรง สีสันสดสวย วุ้นขึ้นสวยงาม และช่วยเสริมสร้างภูมิต้านทานโรค ด้วยสารโปรไบโอติค ช่วยในการย่อยอาหาร และป้องกันการติดเชื้อโรค และช่วยลดปริมาณของขี้ปลาทำให้น้ำสะอาด กว่าอาหารปกติ', 270, 13, 15, 'dist/img/product/ee7228ca137fdc85737669c4d7656683.jpg', '0', '1', '2022-03-19 11:02:17', '2022-03-19 11:02:17'),
(88, 9, 5, 12, 'Hikari Cichlid Gold Floating ฮิคาริอาหารปลาหมอสี สูตรผสมแคโรทีนเร่งสี ชนิดลอยน้ำ ( 250g)', 'อาหารชนิดลอยน้ำสำหรับปลาหมอ (Floating Type) สูตรผสมแคโรทีนสารจากธรรมชาติเพื่อเร่งสี สำหรับปลาหมอสีทุกชนิดมีสารอาหารที่ครบถ้วนและสมดุล เพิ่มวิตามิน C เพื่อเพิ่มภูมิต้านทานโรคให้กับ ปลาหมอสีของท่านจะได้เติบโตอย่างสมบูรณ์', 205, 15, 25, 'dist/img/product/68d9c1346e00b7db925bbfcf6797a2f1.jpg', '0', '1', '2022-03-19 11:04:22', '2022-03-19 11:04:22'),
(89, 9, 5, 12, 'Hikari Goldfish Staple อาหารชนิดลอยน้ำสูตรโปรตีนมาตรฐานสำหรับปลาทอง เม็ดจิ๋ว (300g)', 'อาหารชนิดลอยน้ำสูตรโปรตีนมาตรฐานสำหรับปลาทอง อุดมไปด้วยสารอาหารจากพืช รวมไปถึง Alfafa, kale, Moroheiya ซึ่งเหมาะสำหรับปลาทองทุกสายพันธุ์', 180, 20, 30, 'dist/img/product/d0b3ddbe7831b29e0286b873eb367782.jpg', '0', '1', '2022-03-19 11:06:46', '2022-03-19 11:06:46'),
(90, 7, 1, 10, 'Hikari Goldfish Staple อาหารชนิดลอยน้ำสูตรโปรตีนมาตรฐานสำหรับปลาทอง เม็ดจิ๋ว (300g)', 'แซลมอนซูพรีม สูตรฟักทอง\r\nเหมาะสำหรับสุนัขทุกสายพันธุ์ แม้สุนัขแพ้ง่ายก็ทานได้\r\nแท่งนิ่ม หอม อร่อย ทำจากเนื้อปลาแซลมอนและฟักทองมากกว่า 90%', 89, 25, 2, 'dist/img/product/05f0ef72169f49d5235ff1b04d393149.png', '0', '1', '2022-03-19 11:10:25', '2022-03-19 11:10:25'),
(91, 7, 1, 10, 'Bok Bok Salmon Supreme - บ๊อกบ๊อก แซลมอน ซูพรีม ขนมสุนัขแท่งสติ๊กแซลมอนและมันหวาน (100g.)', 'แซลมอนซูพรีม สูตรมันหวาน\r\nเหมาะสำหรับสุนัขทุกสายพันธุ์ แม้สุนัขแพ้ง่ายก็ทานได้\r\nแท่งนิ่ม หอม อร่อย ทำจากเนื้อปลาแซลมอนและมันหวานมากกว่า 90%', 89, 19, 2, 'dist/img/product/2154f20edd56fb0965c7ab8f53ef914c.png', '0', '1', '2022-03-19 11:13:07', '2022-03-19 11:13:07'),
(92, 7, 5, 11, 'Tetra TetraMin Mini Granules อาหารปลาชนิดเม็ดจิ๋ว สำหรับปลาขนาดเล็กทุกชนิด แบบจมช้า (112g)', 'อาหารปลาชนิดเม็ดจิ๋ว Mini Granules \r\nมีส่วนผสมของวิตามินต่างๆ เร่งสี และสารอาหารชั้นเลิศ เสริมภูมิต้านทานที่จะช่วยทำให้ปลาของคุณแข็งแรงปราศจากโรค', 325, 25, 15, 'dist/img/product/750e364c5e99c674cf1e42d63b1a5455.jpg', '0', '1', '2022-03-19 11:15:57', '2022-03-19 11:15:57'),
(93, 7, 5, 11, 'Tetra RedParrot เต็ดตร้าอาหารชนิดเม็ดสำหรับปลาหมอนกแก้ว (110g)', 'อาหารชนิดเม็ดสำหรับปลาหมอนกแก้ว สูตรเน้นสีสันของปลาให้มีสีแดงสดใส โดยใช้วัตถุดิบชั้นเยี่ยมในการผลิต ปลาจึงได้รับคุณค่าสารอาหารจากธรรมชาติ เพียง 2 อาทิตย์ ท่านก็จะเห็นถึงความแตกต่างและพัฒนาการของสีแดงได้อย่างน่าทึ่ง', 170, 20, 15, 'dist/img/product/861fe15ce3348dcf17424ba3bb867a39.jpg', '0', '1', '2022-03-19 11:17:40', '2022-03-19 11:17:40'),
(94, 7, 5, 11, 'Tetra Marine XL Granules อาหารชนิดเม็ดจมน้ำเหมาะสำหรับปลาทะเล ขนาดกลาง-ใหญ่(225g)', 'เต็ดตร้ามารีนแกรนูล เป็นอาหารชนิดเม็ดจมน้ำเหมาะสำหรับปลาทะเล ขนาดกลาง-ใหญ่ เช่น เยลโล่แท็งก์และ ปลาทะเลทุกชนิด', 375, 18, 30, 'dist/img/product/1da74c7648b2bbb89a55fd85dc2d8e96.jpg', '0', '1', '2022-03-19 11:19:00', '2022-03-19 11:19:00'),
(95, 7, 5, 11, 'Tetra Betta เต็ทตร้า เบตต้า อาหารปลากัดชนิดแผ่นคุณภาพสูง มีโปรตีนจากกุ้ง ทำให้ปลามีสีสันสวยงาม (27g)', 'อาหารสำหรับปลากัด ชนิดแผ่นคุณภาพสูง \r\nเต็ทตร้า เบตต้า \r\n\r\nอาหารประจำวันคุณภาพสูง สำหรับปลากัด ', 125, 25, 7, 'dist/img/product/ad1d72986133e4d5f5e8effbde39b8da.jpg', '0', '1', '2022-03-19 11:20:24', '2022-03-19 11:20:24'),
(96, 9, 1, 14, 'Smartheart อาหารเม็ดสุนัข สูตรฟิตแอนด์เฟิร์มสำหรับสุนัขโต (3kg.)', 'สมาร์ทฮาร์ท อาหารเม็ดสุนัข สูตรฟิตแอนด์เฟิร์มสำหรับสุนัขโต พันธุ์กลาง ถึง พันธุ์ใหญ่อายุ 1 ปีขึ้นไป\r\nมีส่วนผสมของ แอล-คาร์นิทีน (L-Carnitine)\r\nช่วยลดการสะสมของไขมันในร่างกาย\r\nทำให้สุนัขมีสุขภาพแข็งแรง\r\nมีโครงสร้างที่ได้สัดส่วนและสมดุล', 295, 19, 20, 'dist/img/product/7719bc5b6f34a7b11ee0655aacd611f4.png', '0', '1', '2022-03-19 11:27:34', '2022-03-21 15:43:26'),
(97, 9, 1, 14, 'สมาร์ทฮาร์ท Power Pack อาหารสุนัข เน้นโปรตีน ไขมันสูง สร้างกล้ามเนื้อ (10kg)', 'สมาร์ทฮาร์ท Power Pack  อาหารสุนัข เน้นโปรตีน ไขมันสูง สร้างกล้ามเนื้อ (10kg)', 899, 18, 60, 'dist/img/product/92fe1187da5d7144c0119e956f9f49a4.jpg', '0', '1', '2022-03-19 11:28:53', '2022-03-19 11:28:53'),
(98, 9, 1, 14, 'Smartheart สูตรฟิตแอนด์เฟิร์ม 7+ อาหารเม็ดสุนัขสูงอายุ พันธุ์กลาง-พันธ์ุใหญ่ ช่วยบำรุงข้อต่อ (10kg)', 'สมาร์ทฮาร์ท อาหารเม็ดสุนัข เหมาะสำหรับสุนัขสูงอายุ (7 ปีขึ้นไป) พันธุ์กลาง ถึงพันธุ์ใหญ่ มีส่วนผสมของกลูโคซามีนและคอนโดร์อิทิน ช่วยบำรุงข้อต่อต่าง ๆ ในร่างกายสำหรับสุนัขสูงอายุ เสริมด้วย แอล-คาร์นิทีน (L-Carnitine) ช่วยลดการสะสมของไขมันในร่างกาย ทำให้สุนัขมีสุขภาพแข็งแรงและมีโครงสร้างที่สมดุล ได้สัดส่วน', 890, 25, 60, 'dist/img/product/fbf53809d6fa075159ce605923f31a9c.png', '0', '1', '2022-03-19 11:29:55', '2022-03-19 11:29:55'),
(99, 9, 1, 14, 'สมาร์ทฮาร์ท โกลด์ อาหารเม็ดสุนัข สูตรฟิตแอนด์เฟิร์ม สำหรับสุนัขพันธุ์ทอยและพันธุ์เล็ก (3kg)', 'ส่วนผสมของแอล-คาร์นิทีน ช่วยลดการสะสมไขมันในร่างกายควบคุมน้ำหนักและรักษาสมดุลของกล้ามเนื้อ ทำให้สุนัขมีสุขภาพแข็งแรงมีโครงสร้างที่ได้สัดส่วนและสมดุล เพิ่มความน่ากินด้วยรูปแบบและขนาดเม็ดที่เหมาะกับสุนัขทอยส์และสุนัขพันธ์เล็ก พร้อมทั้งรสชาติแสนอร่อย', 389, 10, 20, 'dist/img/product/b7d27dfe531666778f0c35df5bec4626.jpg', '0', '1', '2022-03-19 11:32:31', '2022-03-19 11:32:31'),
(100, 9, 1, 14, 'สมาร์ทฮาร์ท อาหารเม็ดสุนัข รสเนื้ออบ สำหรับสุนัขพันธุ์เล็กทุกสายพันธุ์ (1.5kg)', 'สมาร์ทฮาร์ท อาหารสุนัขสำเร็จรูปชนิดเม็ด รสเนื้ออบ สำหรับสุนัขพันธุ์เล็ก อายุตั้งแต่ 1 ปีขึ้นไป\r\n\r\nอาหารสุนัขพันธุ์เล็กสมาร์ทฮาร์ท คำนวนสูตรอาหารและกำหนดคุณค่าของสารอาหารตามมาตรฐานที่กำหนดโดย the Association of American Feed Control Officials (AAFCO) และ ผลิตจากโรงงานที่ได้รับการรับรองมาตรฐาน ISO 9001:2000 GMP และ HACCP', 175, 20, 15, 'dist/img/product/be6b2ab2814c7e807446bc4ca37491f2.jpg', '0', '1', '2022-03-19 11:34:23', '2022-03-19 11:34:23'),
(101, 9, 1, 14, 'สมาร์ทฮาร์ท Power Pack Puppy อาหารลูกสุนัข เน้นโปรตีน ไขมันสูง สร้างกล้ามเนื้อ (10kg) ', 'ให้พลังงานสูง (สำหรับลูกสุนัขที่กาลังเจริญเติบโต)\r\nเสริมสร้างกล้ามเนื้อและการเจริญเติบโตอย่างเหมาะสม\r\nแคลเซียมสูง เพื่อความแข็งแรงของโครงสร้างกระดูกและฟัน', 965, 29, 30, 'dist/img/product/9c6dac2aacd42d909abbe068960f446b.jpg', '0', '1', '2022-03-19 11:36:36', '2022-03-19 11:36:36'),
(102, 10, 2, 15, 'MeO Fit & Firm อาหารแมวมีโอ โกลด์ สูตรฟิตแอนด์เฟิร์ม ขนาด 1.2kg', 'อาหารแมวเกรดซุปเปอร์พรีเมี่ยม เหมาะสำหรับแมวโตทุกสายพันธุ์\r\n• ช่วยคงรูปร่างที่สมส่วน ด้วยแอล-คาร์นิทีน\r\n• ช่วยให้ผิวหนังมีสุขภาพดีและขนเงางามด้วยโอเมก้า 3 โอเมก้า 6 ไบโอติน และสังกะสี\r\n• เสริมสร้างระบบภูมิคุ้มกัน ด้วยซีลีเนียม และวิตามินอี', 259, 26, 15, 'dist/img/product/aedf5cfe7733ea7ff490c4d53754f4ae.jpg', '0', '1', '2022-03-19 11:44:33', '2022-03-19 11:44:33'),
(103, 10, 2, 15, 'MeO อาหารแมวมีโอ โกลด์ แมวเปอร์เซีย ป้องกันก้อนขนอุดตัน 1.2kg', 'อาหารแมวมีโอ โกลด์  แมวเปอร์เซีย อีกระดับที่ตอบรับทุกความต้องการเฉพาะของเจ้าเหมียว \r\n\r\nแมวมีนิสัยชอบเลียขน โดยเฉพาะแมวสายพันธุ์ขนยาวอย่างแมวเปอร์เซีย ทำให้มีโอกาสเกิดการอุดตันของก้อนขนในระบบทางเดินอาหารได้ง่าย  อาหารแมวมีโอ® โกลด์ แมวเปอร์เซีย เป็นสูตรเฉพาะที่ช่วยป้องกันการเกิดก้อนขนอุดตันในระบบทางเดินอาหาร และช่วยให้ระบบทางเดินอาหารมีสุขภาพดี รวมทั้งมีคุณค่าสารอาหารที่ครบถ้วนและสมดุล จากวัตถุดิบคุณภาพสูง พร้อมช่วยบำรุงขนและผิวหนัง ให้มีสุขภาพดี เงางาม เพื่อการดูแลอีกระดับอย่างเข้าใจธรรมชาติของเขา เลือก อาหารแมวมีโอ® โกลด์ แมวเปอร์เซีย ', 280, 27, 15, 'dist/img/product/a884ffc37e90d266e64164b89cf2f288.jpg', '0', '1', '2022-03-19 11:45:44', '2022-03-19 11:45:44'),
(104, 10, 2, 15, 'MeO อาหารแมวมีโอ โกลด์ แมวเโตลี้ยงในบ้าน ใช้สำหรับแมวอายุ 1 ปีขึ้นไป 1.2kg', 'เหมาะสำหรับแมวเลี้ยงในบ้านทุกสายพันธุ์\r\nแมวเลี้ยงในบ้าน มีกิจกรรมที่แตกต่างจากแมวที่เลี้ยงนอกบ้าน การดูแลจึงต้องพิเศษและแตกต่างกันไป ดูแลแมวของคุณด้วย อาหารแมวมีโอ® โกลด์ แมวเลี้ยงในบ้าน สูตรที่มีคุณค่าสารอาหารครบถ้วนและสมดุล มีสารสกัดธรรมชาติที่ช่วยลดกลิ่นมูลจากการขับถ่าย เพื่อสร้างสุขอนามัยและสภาพแวดล้อมที่ดี ช่วยป้องกันการเกิดก้อนขนอุดตันในระบบทางเดินอาหาร และช่วยควบคุมน้ำหนักด้วยปริมาณพลังงานที่เหมาะสม', 285, 16, 15, 'dist/img/product/1ba97e261aaeaf6238dc4ec5cc50d603.jpg', '0', '1', '2022-03-19 11:46:51', '2022-03-19 11:46:51'),
(105, 10, 2, 15, 'MeO มีโอ อาหารแมว(แบบเม็ด) รสซีฟู้ด สำหรับแมวโต อายุ 1 ปีขึ้นไป ( 1.2kg)', 'มีโอ รสซีฟู้ด มีคุณสมบัติ\r\n-วิตามินซี มีบทบาทในการช่วยกระตุ้นและเพิ่มประสิทธิภาพให้ระบบ ภูมิคุ้มกันใน\r\nร่างกายแมวทำงานได้ดีขี้น\r\n-โอเมก้า 3&6 และแร่ธาตุสังกะสี ช่วยบำรุงผิวหนังและขนให้เงางามมีสุขภาพดี\r\n-แคลเซียม ฟอสฟอรัส และวิตามินดี ช่วยเสริมสร้างกระดูกและฟันให้แข็งแรง', 145, 26, 15, 'dist/img/product/fa4371428edb7da9f41eb6c3bd0936bf.jpg', '0', '1', '2022-03-19 11:48:45', '2022-03-19 11:48:45'),
(106, 10, 2, 15, 'MeO มีโอ อาหารแมวแบบเม็ด ที่อายุตั้งแต่ 1 ปีขึ้นไป สูตรปลาทูน่า (1.2Kg.)', 'Meo Tuna อาหารแมวชนิดเม็ด สำหรับแมวทุกสายพันธุ์ อายุตั้งแต่ 1 ปีขึ้นไป สูตรปลาทูน่า', 169, 25, 15, 'dist/img/product/c11e1e7ceb87402d613d6f3d1e8f358b.jpg', '0', '1', '2022-03-19 11:50:43', '2022-03-19 11:50:43'),
(107, 10, 2, 15, 'MeO มีโอ อาหารแมวแบบเม็ด ที่อายุตั้งแต่ 1 ปีขึ้นไป สูตรโกเม่ (1.1Kg)', 'Meo Gourmet อาหารแมวชนิดเม็ด สำหรับแมวโตทุกสายพันธุ์ อายุตั้งแต่ 1 ปีขึ้นไป สูตรโกเม่ ด้วยส่วนผสมที่คัดสรรมาอย่างดีทั้งปลา ตับ กุ้ง และไข่ จึงมั่นใจได้ถึงความครบถ้วนและสมดุลย์ของสารอาหารที่เจ้าเหมียวของคุณจะได้รับอย่างแน่นอน', 149, 16, 15, 'dist/img/product/18be83c2aef6025be459e5934c1b04bf.jpg', '0', '1', '2022-03-19 11:51:51', '2022-03-19 11:51:51'),
(108, 10, 2, 15, 'MeO มีโอ อาหารแมว(แบบเม็ด) รสแซลมอน สำหรับแมวโต อายุ 1 ปีขึ้นไป (1.2 kg)', 'มีโอ อาหารแมว(แบบเม็ด) รสแซลมอน\r\nมีคุณสมบัติ \r\nทอรีนเป็นกรดอะมิโนที่ช่วยบำรุงดวงตาให้สดใส และเพิ่มประสิทธิภาพการมองเห็น \r\nมีวิตามิน C ช่วยกระตุ้นและเพิ่มประสิทธิภาพให้ระบบภูมิคุ้มกันในร่างกายแมวทำงานได้ดีขึ้น \r\nแคลเซียม ฟอสฟอรัส และ วิตามิน ดี ช่วยเสริมสร้างกระดูกและฟันให้แข็งแรง  ', 149, 19, 15, 'dist/img/product/216f82e460a2e559309f03ed5c450202.jpg', '0', '1', '2022-03-19 11:53:39', '2022-03-19 11:53:39'),
(109, 10, 1, 14, 'สมาร์ทฮาร์ท โกลด์ แซลมอนมีลแอนด์ไรซ์ สำหรับ สุนัขพันธุ์เล็ก (1 kg)', 'สมาร์ทฮาร์ท โกลด์ แซลมอนมีลแอนด์ไรซ์ สุนัขพันธุ์เล็ก\r\nอาหารสุนัขสำเร็จรูปชนิดเม็ด ใช้สำหรับสุนัขโตพันธุ์เล็ก อายุตั้งแต่ 1 ปีขึ้นไป\r\nให้โปรตีนสูง ช่วยเสริมสร้างกล้ามเนื้อ', 189, 20, 10, 'dist/img/product/234b2692f903f0673965597bde623ca9.jpg', '0', '1', '2022-03-19 12:11:09', '2022-03-19 12:11:09'),
(110, 10, 1, 14, 'สมาร์ทฮาร์ท โกลด์ เนื้อแกะและข้าวสาลี สำหรับสุนัขพันธุ์เล็ก (1kg) ', 'แหล่งโปรตีนประเภทเดียว ที่อุดมด้วยกรดไขมันโอเมก้า 3 ช่วยลดปัญหาสุขภาพผิวหนังในสุนัขที่แพ้ง่าย\r\nโปรตีนคุณภาพดีจากปลาแซลมอน ช่วยเสริมสร้างความแข็งแรงให้กล้ามเนื้อ', 199, 20, 10, 'dist/img/product/20ca8796234aee40f852abb63f8a2133.jpg', '0', '1', '2022-03-19 12:12:11', '2022-03-19 12:12:11'),
(111, 10, 1, 14, 'สมาร์ทฮาร์ท โกลด์ แซลม่อนและข้าวสาลี 1kg ', 'เพราะสมาร์ทฮาร์ท โกลด์ ® รู้ว่าสิ่งที่ดีที่สุดก็ควรจะเหมาะกับสุนัขสุดที่รักของคุณ เราจึงคัดสรรเฉพาะวัตถุดิบคุณภาพเยี่ยม ให้กับสมาร์ทฮาร์ท โกลด์ ® สูตรปลาแซลมอนและข้าว โดยมีส่วนผสมของปลาแซลมอนเป็นส่วนผสมหลักอันดับแรกของสูตร ซึ่งให้ปริมาณโปรตีนสูง ช่วยเสริมสร้างกล้ามเนื้อ และโดดเด่นในเรื่องของความน่ากิน อีกทั้งยังใช้แหล่งคาร์โบไฮเดรตจากข้าวจ้าว', 259, 20, 10, 'dist/img/product/d88a167e31124efbbc90cf4f032a8808.jpg', '0', '1', '2022-03-19 12:13:25', '2022-03-19 12:13:25'),
(112, 10, 1, 14, 'Smartheart Gold Fit & Firm สมาร์ทฮาร์ท อาหารเม็ดสุนัข สูตรฟิตแอนด์เฟิร์มสำหรับสุนัขสูงวัยพันธุ์เล็ก 7 ปีขึ้นไป (1.5kg)', 'มีส่วนผสมของ แอล-คาร์นิทีน ช่วยลดการสะสมของไขมันในร่างกาย ทำให้สุนัขสุขภาพแข็งแรง มีโครงสร้างที่ได้สัดส่วนและสมดุล เสริมด้วยกลูโคซามีนและคอนโดร์อิทิน ช่วยบำรุงข้อต่อต่างๆ ในร่างกาย ใช้วัตถุดิบคุณภาพสูงที่ย่อยง่าย ทำให้สารอาหารต่างๆ ถูกดูดซึมเข้าสู่ร่างกายได้อย่างมีประสิทธิภาพ', 235, 16, 15, 'dist/img/product/cc14842a92afe3e54f16f413018c53e4.png', '0', '1', '2022-03-19 12:16:48', '2022-03-19 12:16:48'),
(113, 10, 1, 14, 'Smartheart 3 kg สมาร์ทฮาร์ท อาหารเม็ดสำหรับสุนัขโต รสเนื้ออบ ขนาด(3kg).', 'เป็นอาหารเม็ดสำหรับสุนัขโตทุกสายพันธุุ์  สุนัขอายุมากกว่า 1 ปีขึ้นไปหรือสุนัขโตเต็มวัย ที่ต้องการสารอาหารจำเป็นที่เหมาะสมกับช่วงอายุ อาหารสุนัขโตสมาร์ทฮาร์ท® ได้คัดสรรโปรตีนจากเนื้อสัตว์ ที่มีคุณภาพ พร้อมธัญพืช เกลือแร่ และวิตามิน จึงมีสารอาหารที่ครบถ้วนสมบูรณ์อย่างแท้จริง พร้อมด้วยคุณค่าจากน้ำมันปลาทะเลที่มีดีเอชเอ (DHA)  และโอเมก้า 3 (Omega-3) และเลซิทิน (Lecithin) ', 230, 25, 30, 'dist/img/product/19773cd3769606c8546b577c76b336b4.jpg', '0', '1', '2022-03-19 12:20:27', '2022-03-19 12:21:44'),
(114, 10, 1, 14, 'Smartheart สมาร์ทฮาร์ท อาหารเม็ดสำหรับสุนัขโต รสไก่และตับ ขนาด(3kg).', 'เป็นอาหารเม็ดสำหรับสุนัขโตทุกสายพันธุุ์  สุนัขอายุมากกว่า 1 ปีขึ้นไปหรือสุนัขโตเต็มวัย ที่ต้องการสารอาหารจำเป็นที่เหมาะสมกับช่วงอายุ อาหารสุนัขโตสมาร์ทฮาร์ท® ได้คัดสรรโปรตีนจากเนื้อสัตว์ ที่มีคุณภาพ พร้อมธัญพืช เกลือแร่ และวิตามิน จึงมีสารอาหารที่ครบถ้วนสมบูรณ์อย่างแท้จริง พร้อมด้วยคุณค่าจากน้ำมันปลาทะเลที่มีดีเอชเอ (DHA)  และโอเมก้า 3 (Omega-3) และเลซิทิน (Lecithin) ที่มีโคลีน (Choline) ช่วยพัฒนาความจำที่ดี และเสริมพัฒนาการทางสมองและสร้างความแข็งแรงให้หัวใจ', 230, 25, 30, 'dist/img/product/3792c69b6c078c6efb1fd9909571a2db.jpg', '0', '1', '2022-03-19 12:23:40', '2022-03-19 12:23:40'),
(115, 10, 2, 15, 'Me-O มีโอ อาหารแมวแบบเม็ด สำหรับลูกแมวสายพันธุ์เปอร์เซีย 1.1 kg', 'อาหารสำหรับลูกแมวเปอร์เซียอายุต่ำกว่า 1 ปี\r\nพัฒนาสูตรอาหารมาให้เหมาะสมกับความต้องการสารอาหารของลูกแมว\r\nพร้อมด้วยกลิ่นและรสชาติให้เจ้าเหมียวได้ติดใจ\r\nอย่าลืมน้ำสะอาดให้เจ้าเหมียวได้กินตลอดเวลาด้วย', 113, 25, 15, 'dist/img/product/f5f1d847cb15d6bed91ac21525375ab4.jpg', '0', '1', '2022-03-19 12:42:51', '2022-03-19 12:42:51'),
(116, 10, 2, 15, 'Meo persian มีโอ เปอร์เซีย สูตรป้องกันก้อนขนอุดตัน (Anti Hairball) 6.8 kg ', 'หมาะสำหรับแมวโต แมวเปอร์เซีย แมวขนยาวและขนสั้นทุกสายพันธุ์ อายุ 1 ปีขึ้นไป\r\nสูตรป้องกันก้อนขนอุดตัน แมวที่มีขนยาวและสั้น เวลาเขาเลียทำความสะอาดตัวเอง อาจจะมีปัญหาการกลืนขนเข้าไป และเกิดก้อนขนอุดตันลำไส้ เมื่อกินอาหารแมวมีโอเปอร์เซีย ก้อนขนที่อุดตันทางเดินอาหาร จะถูกขับออกมาพร้อมกับมูลในระหว่างการขับถ่าย', 580, 20, 30, 'dist/img/product/97b1211542d1c409aa96d8c69df61a45.jpg', '0', '1', '2022-03-19 12:46:34', '2022-03-19 12:46:34');

-- --------------------------------------------------------

--
-- Table structure for table `product_review`
--

CREATE TABLE `product_review` (
  `review_id` int(11) NOT NULL,
  `product_id` int(11) NOT NULL,
  `user_id` int(11) NOT NULL,
  `order_id` int(11) NOT NULL,
  `review_title` varchar(255) NOT NULL,
  `review_message` text NOT NULL,
  `createdAt` datetime NOT NULL DEFAULT current_timestamp()
) ENGINE=InnoDB DEFAULT CHARSET=utf8mb4;

--
-- Dumping data for table `product_review`
--

INSERT INTO `product_review` (`review_id`, `product_id`, `user_id`, `order_id`, `review_title`, `review_message`, `createdAt`) VALUES
(21, 27, 7, 44, 'ทดสอบ', '213456', '2022-03-29 13:51:46');

-- --------------------------------------------------------

--
-- Table structure for table `seller`
--

CREATE TABLE `seller` (
  `seller_id` int(11) NOT NULL,
  `seller_shop` varchar(100) DEFAULT NULL,
  `seller_detail` text DEFAULT NULL,
  `seller_username` varchar(100) DEFAULT NULL,
  `seller_password` varchar(100) DEFAULT NULL,
  `seller_fullname` varchar(255) NOT NULL,
  `seller_email` varchar(100) NOT NULL,
  `seller_address` text DEFAULT NULL,
  `seller_tel` varchar(20) DEFAULT NULL,
  `seller_payment` varchar(50) DEFAULT NULL,
  `seller_payment_name` varchar(50) DEFAULT NULL,
  `seller_image` varchar(100) DEFAULT NULL,
  `seller_status` tinyint(1) NOT NULL DEFAULT 0,
  `token` varchar(150) DEFAULT NULL,
  `createdAt` datetime NOT NULL DEFAULT current_timestamp(),
  `updatedAt` datetime NOT NULL DEFAULT current_timestamp() ON UPDATE current_timestamp()
) ENGINE=InnoDB DEFAULT CHARSET=utf8mb4;

--
-- Dumping data for table `seller`
--

INSERT INTO `seller` (`seller_id`, `seller_shop`, `seller_detail`, `seller_username`, `seller_password`, `seller_fullname`, `seller_email`, `seller_address`, `seller_tel`, `seller_payment`, `seller_payment_name`, `seller_image`, `seller_status`, `token`, `createdAt`, `updatedAt`) VALUES
(7, 'Shop01', 'ขายอาหารสัตว์มากมาย', 'shop01', 'e10adc3949ba59abbe56e057f20f883e', 'Shop 01', 'kiwwipetfood01@gmail.com', 'ทดสอบที่อยู่ 222/2 หมู่บ้านทดสอบ  อ.ทดสอบ จังหวัดทดสอบ  46000 ', '0123456789', '4404187898', '4404187898', NULL, 1, NULL, '2022-03-17 13:19:54', '2022-03-17 14:21:18'),
(8, 'Shop02', '456456', 'shop02', 'e10adc3949ba59abbe56e057f20f883e', 'Shop02', 'kiwwipetfood02@gmail.com', '456', '0123456789', '4404187898', '4404187898', NULL, 1, NULL, '2022-03-17 14:00:25', '2022-03-17 15:14:28'),
(9, 'Shop03', 'petfood', 'shop03', 'e10adc3949ba59abbe56e057f20f883e', 'shop03', 'kiwwipetfood03@gmail.com', 'ทดสอบที่อยู่ ** หมู่บ้านทดสอบ  อ.ทดสอบ จังหวัดทดสอบ  46000 ', '0987456321', NULL, NULL, NULL, 1, NULL, '2022-03-17 14:39:23', '2022-03-17 14:40:36'),
(10, 'Shop04', 'petfood', 'shop04', 'e10adc3949ba59abbe56e057f20f883e', 'Shop04', 'kiwwipetfood04@gmail.com', 'bangkok', '0231546987', NULL, NULL, NULL, 1, NULL, '2022-03-17 14:44:07', '2022-03-19 12:25:15');

-- --------------------------------------------------------

--
-- Table structure for table `user`
--

CREATE TABLE `user` (
  `user_id` int(11) NOT NULL,
  `user_username` varchar(100) DEFAULT NULL,
  `user_password` varchar(100) DEFAULT NULL,
  `user_fullname` varchar(255) NOT NULL,
  `user_email` varchar(100) NOT NULL,
  `user_address` text DEFAULT NULL,
  `user_tel` varchar(20) DEFAULT NULL,
  `user_status` tinyint(1) NOT NULL DEFAULT 0,
  `user_pet` varchar(255) DEFAULT NULL,
  `token` varchar(100) DEFAULT NULL,
  `createdAt` datetime NOT NULL DEFAULT current_timestamp(),
  `updatedAt` datetime NOT NULL DEFAULT current_timestamp() ON UPDATE current_timestamp()
) ENGINE=InnoDB DEFAULT CHARSET=utf8mb4;

--
-- Dumping data for table `user`
--

INSERT INTO `user` (`user_id`, `user_username`, `user_password`, `user_fullname`, `user_email`, `user_address`, `user_tel`, `user_status`, `user_pet`, `token`, `createdAt`, `updatedAt`) VALUES
(5, 'siwakon3108', '25f9e794323b453885f5181f1b624d0b', 'siwakon phanrak', 'siwakon31082543@gmail.com', 'ทดสอบที่ออยู่', 'ทดสอบเบอร์โทร', 1, 'สุนัข,ปลา', NULL, '2022-03-05 15:08:53', '2022-05-21 10:53:02'),
(6, 'witita udonsom', '25d55ad283aa400af464c76d713c07ad', 'Witita Udonsom', 'wititaudonsom@gmail.com', 'อำเภอ เมือง จังหวัดบุรีรัมย์ 31130', '0621514809', 1, 'สุนัข', NULL, '2022-03-11 19:28:06', '2022-03-11 19:29:56'),
(7, 'user01', 'e10adc3949ba59abbe56e057f20f883e', 'user01', 'kiwwipetfood06@gmail.com', 'ทดสอบที่อยู่ 111/1 หมู่บ้านทดสอบ  อ.ทดสอบ จังหวัดทดสอบ  46000', '0630419745', 1, 'สุนัข', NULL, '2022-03-17 13:13:26', '2022-03-29 12:56:57'),
(12, 'user08', 'e10adc3949ba59abbe56e057f20f883e', 'ทดสอบ', 'kiwwipetfood08@gmail.com', 'ทดสอบ', '1234567890', 1, 'สุนัข', NULL, '2022-03-29 13:48:12', '2022-03-29 13:48:59'),
(13, NULL, NULL, 'test', 'satjakul63011270018@gmail.com', NULL, NULL, 0, NULL, 'c38b94dd0b01e3bd214a7d42857852bf', '2022-05-21 11:46:54', '2022-05-21 11:46:54');

-- --------------------------------------------------------

--
-- Table structure for table `withdraw`
--

CREATE TABLE `withdraw` (
  `withdraw_id` int(11) NOT NULL,
  `seller_id` int(11) NOT NULL,
  `withdraw_money` float NOT NULL,
  `withdraw_fee` float NOT NULL,
  `withdraw_status` enum('pending','successful','canceled','wait_confirm') NOT NULL DEFAULT 'pending',
  `createdAt` datetime NOT NULL DEFAULT current_timestamp(),
  `updatedAt` datetime NOT NULL DEFAULT current_timestamp() ON UPDATE current_timestamp()
) ENGINE=InnoDB DEFAULT CHARSET=utf8mb4;

--
-- Dumping data for table `withdraw`
--

INSERT INTO `withdraw` (`withdraw_id`, `seller_id`, `withdraw_money`, `withdraw_fee`, `withdraw_status`, `createdAt`, `updatedAt`) VALUES
(12, 7, 970, 30, 'successful', '2022-03-29 13:52:20', '2022-03-29 13:53:22');

--
-- Indexes for dumped tables
--

--
-- Indexes for table `admin`
--
ALTER TABLE `admin`
  ADD PRIMARY KEY (`admin_id`),
  ADD UNIQUE KEY `admin_email` (`admin_email`),
  ADD UNIQUE KEY `admin_username` (`admin_username`);

--
-- Indexes for table `brands`
--
ALTER TABLE `brands`
  ADD PRIMARY KEY (`brand_id`);

--
-- Indexes for table `categories`
--
ALTER TABLE `categories`
  ADD PRIMARY KEY (`category_id`);

--
-- Indexes for table `notifications`
--
ALTER TABLE `notifications`
  ADD PRIMARY KEY (`noti_id`),
  ADD KEY `notification_ibfk_1` (`user_id`),
  ADD KEY `product_id` (`product_id`);

--
-- Indexes for table `orders`
--
ALTER TABLE `orders`
  ADD PRIMARY KEY (`order_id`);

--
-- Indexes for table `order_detail`
--
ALTER TABLE `order_detail`
  ADD PRIMARY KEY (`id`),
  ADD KEY `order_id` (`order_id`),
  ADD KEY `product_id` (`product_id`);

--
-- Indexes for table `product`
--
ALTER TABLE `product`
  ADD PRIMARY KEY (`product_id`),
  ADD KEY `brand_id` (`brand_id`),
  ADD KEY `category_id` (`category_id`);

--
-- Indexes for table `product_review`
--
ALTER TABLE `product_review`
  ADD PRIMARY KEY (`review_id`),
  ADD UNIQUE KEY `product_id` (`product_id`,`user_id`,`order_id`);

--
-- Indexes for table `seller`
--
ALTER TABLE `seller`
  ADD PRIMARY KEY (`seller_id`),
  ADD UNIQUE KEY `seller_email` (`seller_email`),
  ADD UNIQUE KEY `seller_username` (`seller_username`);

--
-- Indexes for table `user`
--
ALTER TABLE `user`
  ADD PRIMARY KEY (`user_id`),
  ADD UNIQUE KEY `user_email` (`user_email`),
  ADD UNIQUE KEY `user_username` (`user_username`);

--
-- Indexes for table `withdraw`
--
ALTER TABLE `withdraw`
  ADD PRIMARY KEY (`withdraw_id`);

--
-- AUTO_INCREMENT for dumped tables
--

--
-- AUTO_INCREMENT for table `admin`
--
ALTER TABLE `admin`
  MODIFY `admin_id` int(11) NOT NULL AUTO_INCREMENT, AUTO_INCREMENT=5;

--
-- AUTO_INCREMENT for table `brands`
--
ALTER TABLE `brands`
  MODIFY `brand_id` int(11) NOT NULL AUTO_INCREMENT, AUTO_INCREMENT=17;

--
-- AUTO_INCREMENT for table `categories`
--
ALTER TABLE `categories`
  MODIFY `category_id` int(11) NOT NULL AUTO_INCREMENT, AUTO_INCREMENT=6;

--
-- AUTO_INCREMENT for table `notifications`
--
ALTER TABLE `notifications`
  MODIFY `noti_id` int(11) NOT NULL AUTO_INCREMENT, AUTO_INCREMENT=36;

--
-- AUTO_INCREMENT for table `orders`
--
ALTER TABLE `orders`
  MODIFY `order_id` int(11) NOT NULL AUTO_INCREMENT, AUTO_INCREMENT=52;

--
-- AUTO_INCREMENT for table `order_detail`
--
ALTER TABLE `order_detail`
  MODIFY `id` int(11) NOT NULL AUTO_INCREMENT, AUTO_INCREMENT=59;

--
-- AUTO_INCREMENT for table `product`
--
ALTER TABLE `product`
  MODIFY `product_id` int(11) NOT NULL AUTO_INCREMENT, AUTO_INCREMENT=117;

--
-- AUTO_INCREMENT for table `product_review`
--
ALTER TABLE `product_review`
  MODIFY `review_id` int(11) NOT NULL AUTO_INCREMENT, AUTO_INCREMENT=22;

--
-- AUTO_INCREMENT for table `seller`
--
ALTER TABLE `seller`
  MODIFY `seller_id` int(11) NOT NULL AUTO_INCREMENT, AUTO_INCREMENT=12;

--
-- AUTO_INCREMENT for table `user`
--
ALTER TABLE `user`
  MODIFY `user_id` int(11) NOT NULL AUTO_INCREMENT, AUTO_INCREMENT=14;

--
-- AUTO_INCREMENT for table `withdraw`
--
ALTER TABLE `withdraw`
  MODIFY `withdraw_id` int(11) NOT NULL AUTO_INCREMENT, AUTO_INCREMENT=13;

--
-- Constraints for dumped tables
--

--
-- Constraints for table `notifications`
--
ALTER TABLE `notifications`
  ADD CONSTRAINT `notifications_ibfk_1` FOREIGN KEY (`user_id`) REFERENCES `user` (`user_id`) ON DELETE CASCADE ON UPDATE CASCADE,
  ADD CONSTRAINT `notifications_ibfk_2` FOREIGN KEY (`product_id`) REFERENCES `product` (`product_id`) ON DELETE CASCADE ON UPDATE CASCADE;

--
-- Constraints for table `order_detail`
--
ALTER TABLE `order_detail`
  ADD CONSTRAINT `order_detail_ibfk_1` FOREIGN KEY (`order_id`) REFERENCES `orders` (`order_id`),
  ADD CONSTRAINT `order_detail_ibfk_2` FOREIGN KEY (`product_id`) REFERENCES `product` (`product_id`);

--
-- Constraints for table `product`
--
ALTER TABLE `product`
  ADD CONSTRAINT `product_ibfk_1` FOREIGN KEY (`brand_id`) REFERENCES `brands` (`brand_id`),
  ADD CONSTRAINT `product_ibfk_2` FOREIGN KEY (`category_id`) REFERENCES `categories` (`category_id`);
COMMIT;

/*!40101 SET CHARACTER_SET_CLIENT=@OLD_CHARACTER_SET_CLIENT */;
/*!40101 SET CHARACTER_SET_RESULTS=@OLD_CHARACTER_SET_RESULTS */;
/*!40101 SET COLLATION_CONNECTION=@OLD_COLLATION_CONNECTION */;
